ID,name,versionNumber,contentType,dataFileSizeBytes,createdBy,createdOn,modifiedBy,modifiedOn,parentId,synapseURL,dataFileMD5Hex,path,error
syn20952589,ag_01_aegis.raw,1,image/RAW,1280796736,3320325,1570809110589,3320223,1576681332755,syn21444980,https://www.synapse.org/#!Synapse:syn20952589.1,dda3debc5a34191379c760a9f11bff68,/home/robbe/.synapseCache/221/43861221/ag_01_aegis.RAW,
syn20952591,ag_02_gis.raw,1,image/RAW,1291982711,3320325,1570809138300,3320223,1576681333320,syn21444980,https://www.synapse.org/#!Synapse:syn20952591.1,aea72693e5cea1693d594cdd936b1593,/home/robbe/.synapseCache/223/43861223/ag_02_gis.RAW,
syn20952593,ag_03_0247.raw,1,image/RAW,1283417208,3320325,1570809171253,3320223,1576681333891,syn21444980,https://www.synapse.org/#!Synapse:syn20952593.1,30b71e63c41bc8e47b5d3b93249545ae,/home/robbe/.synapseCache/225/43861225/ag_03_0247.RAW,
syn20952595,ag_04_0210.raw,1,image/RAW,1303952349,3320325,1570809201342,3320223,1576681334452,syn21444980,https://www.synapse.org/#!Synapse:syn20952595.1,1d14683cbc3135810a614f69efd38e77,/home/robbe/.synapseCache/227/43861227/ag_04_0210.RAW,
syn20952597,ag_05_0306.raw,1,image/RAW,1292549787,3320325,1570809227775,3320223,1576681335029,syn21444980,https://www.synapse.org/#!Synapse:syn20952597.1,742f035e580b7af2b99760d4a376cb1f,/home/robbe/.synapseCache/229/43861229/ag_05_0306.RAW,
syn20952599,ag_06_0120.raw,1,image/RAW,1294944588,3320325,1570809247790,3320223,1576681335597,syn21444980,https://www.synapse.org/#!Synapse:syn20952599.1,dafa78938771202811bb69010ff01efb,/home/robbe/.synapseCache/231/43861231/ag_06_0120.RAW,
syn20952604,ag_07_0228.raw,1,image/RAW,1286286100,3320325,1570809279418,3320223,1576681336252,syn21444980,https://www.synapse.org/#!Synapse:syn20952604.1,137c3349dbf7b79fd500b03da208d678,/home/robbe/.synapseCache/234/43861234/ag_07_0228.RAW,
syn20952608,ag_08_0448.raw,1,image/RAW,1309503388,3320325,1570809308049,3320223,1576681336876,syn21444980,https://www.synapse.org/#!Synapse:syn20952608.1,d127b8494d9ef64f8be9ae5674b786ae,/home/robbe/.synapseCache/237/43861237/ag_08_0448.RAW,
syn20952611,ag_09_0562.raw,1,image/RAW,1298251857,3320325,1570809336556,3320223,1576681337458,syn21444980,https://www.synapse.org/#!Synapse:syn20952611.1,4874829fee1b71e20f536b5e34c735af,/home/robbe/.synapseCache/240/43861240/ag_09_0562.RAW,
syn20952613,ag_100_0081.raw,1,image/RAW,1403661916,3320325,1570809361720,3320223,1576681338041,syn21444980,https://www.synapse.org/#!Synapse:syn20952613.1,8d5993e5269cd91c196205e414296659,/home/robbe/.synapseCache/242/43861242/ag_100_0081.RAW,
syn20952616,ag_101_0479.raw,1,image/RAW,1417743894,3320325,1570809386376,3320223,1576681338597,syn21444980,https://www.synapse.org/#!Synapse:syn20952616.1,08c33aa525eff307cb022c850bd11c2e,/home/robbe/.synapseCache/245/43861245/ag_101_0479.RAW,
syn20952618,ag_102_0463.raw,1,image/RAW,1417922867,3320325,1570809415680,3320223,1576681339642,syn21444980,https://www.synapse.org/#!Synapse:syn20952618.1,55722245209335b3c88a4f74f8f50696,/home/robbe/.synapseCache/247/43861247/ag_102_0463.RAW,
syn20952622,ag_103_aegis.raw,1,image/RAW,1356672796,3320325,1570809438559,3320223,1576681340224,syn21444980,https://www.synapse.org/#!Synapse:syn20952622.1,d6f5945931c6ed044b6d2a631cb75574,/home/robbe/.synapseCache/249/43861249/ag_103_aegis.RAW,
syn20952625,ag_104_gis.raw,1,image/RAW,1424905371,3320325,1570809474370,3320223,1576681340788,syn21444980,https://www.synapse.org/#!Synapse:syn20952625.1,898c3d504fd785ab4d50fa30e33187ca,/home/robbe/.synapseCache/252/43861252/ag_104_gis.RAW,
syn20952629,ag_10_0600.raw,1,image/RAW,1305744510,3320325,1570809499059,3320223,1576681341333,syn21444980,https://www.synapse.org/#!Synapse:syn20952629.1,aca982cd85a4fc656cb696295d7e8666,/home/robbe/.synapseCache/254/43861254/ag_10_0600.RAW,
syn20952631,ag_11_0227.raw,1,image/RAW,1307210536,3320325,1570809520823,3320223,1576681341894,syn21444980,https://www.synapse.org/#!Synapse:syn20952631.1,a978a6ceadfeb30b622843d281f9d147,/home/robbe/.synapseCache/256/43861256/ag_11_0227.RAW,
syn20952633,ag_12_0289.raw,1,image/RAW,1307527950,3320325,1570809543305,3320223,1576681342455,syn21444980,https://www.synapse.org/#!Synapse:syn20952633.1,d1869df011f39f511c8d5da76b103a6d,/home/robbe/.synapseCache/258/43861258/ag_12_0289.RAW,
syn20952636,ag_13_0173.raw,1,image/RAW,1296373450,3320325,1570809581987,3320223,1576681343049,syn21444980,https://www.synapse.org/#!Synapse:syn20952636.1,88c6461078a1570c5e63e3dde03e7d27,/home/robbe/.synapseCache/261/43861261/ag_13_0173.RAW,
syn20952659,ag_14_0235.raw,1,image/RAW,1307943845,3320325,1570809620009,3320223,1576681343607,syn21444980,https://www.synapse.org/#!Synapse:syn20952659.1,a259d97d846eae8e7984b73b0ebdc7d3,/home/robbe/.synapseCache/269/43861269/ag_14_0235.RAW,
syn20952678,ag_15_0285.raw,1,image/RAW,1301656819,3320325,1570809653442,3320223,1576681344226,syn21444980,https://www.synapse.org/#!Synapse:syn20952678.1,3fe29f72311210c0fc67d66aad9f3bff,/home/robbe/.synapseCache/293/43861293/ag_15_0285.RAW,
syn20952680,ag_16_0478.raw,1,image/RAW,1304474614,3320325,1570809680033,3320223,1576681344783,syn21444980,https://www.synapse.org/#!Synapse:syn20952680.1,4c0fba5f88c0694ba89605003269e316,/home/robbe/.synapseCache/296/43861296/ag_16_0478.RAW,
syn20952683,ag_17_0080.raw,1,image/RAW,1301905619,3320325,1570809717891,3320223,1576681345358,syn21444980,https://www.synapse.org/#!Synapse:syn20952683.1,bcb91e6521b24b1f3fcaf7873cfd8c51,/home/robbe/.synapseCache/298/43861298/ag_17_0080.RAW,
syn20952687,ag_18_aegis.raw,1,image/RAW,1267888075,3320325,1570809738961,3320223,1576681345926,syn21444980,https://www.synapse.org/#!Synapse:syn20952687.1,e1b752df760cd6112105f2c330f768b3,/home/robbe/.synapseCache/304/43861304/ag_18_aegis.RAW,
syn20952712,ag_19_gis.raw,1,image/RAW,1311516840,3320325,1570809777627,3320223,1576681346482,syn21444980,https://www.synapse.org/#!Synapse:syn20952712.1,7c60c7e56959498c733fb0df05a9e920,/home/robbe/.synapseCache/306/43861306/ag_19_gis.RAW,
syn20952735,ag_20_0528.raw,1,image/RAW,1271501165,3320325,1570809801338,3320223,1576681347317,syn21444980,https://www.synapse.org/#!Synapse:syn20952735.1,f3b58babf4d0312c2bfdee6186ecb843,/home/robbe/.synapseCache/312/43861312/ag_20_0528.RAW,
syn20952758,ag_21_0436.raw,1,image/RAW,1290322447,3320325,1570809826824,3320223,1576681347870,syn21444980,https://www.synapse.org/#!Synapse:syn20952758.1,62283d48d3a6f0061fe08cc494d7c879,/home/robbe/.synapseCache/320/43861320/ag_21_0436.RAW,
syn20952788,ag_22_0049.raw,1,image/RAW,1341006138,3320325,1570809855791,3320223,1576681348476,syn21444980,https://www.synapse.org/#!Synapse:syn20952788.1,c506cf6ea58b6095247baedbe6f3f202,/home/robbe/.synapseCache/330/43861330/ag_22_0049.RAW,
syn20952827,ag_23_0414.raw,1,image/RAW,1331766263,3320325,1570809893072,3320223,1576681349028,syn21444980,https://www.synapse.org/#!Synapse:syn20952827.1,0ebbe61df28fff9b2891548d96408793,/home/robbe/.synapseCache/341/43861341/ag_23_0414.RAW,
syn20952852,ag_24_0126.raw,1,image/RAW,1288149720,3320325,1570809918989,3320223,1576681349608,syn21444980,https://www.synapse.org/#!Synapse:syn20952852.1,0a69c0e977eab53454693a4ed18a9c87,/home/robbe/.synapseCache/349/43861349/ag_24_0126.RAW,
syn20952897,ag_25_0166.raw,1,image/RAW,1320585471,3320325,1570809962014,3320223,1576681350257,syn21444980,https://www.synapse.org/#!Synapse:syn20952897.1,27c897ef6746425a75e801fb09df5866,/home/robbe/.synapseCache/363/43861363/ag_25_0166.RAW,
syn20952928,ag_26_0570.raw,1,image/RAW,1320940574,3320325,1570809994746,3320223,1576681350864,syn21444980,https://www.synapse.org/#!Synapse:syn20952928.1,ea5a871f4764e3ca72b54b16dbf57b2a,/home/robbe/.synapseCache/371/43861371/ag_26_0570.RAW,
syn20952951,ag_27_0420.raw,1,image/RAW,1322635887,3320325,1570810016686,3320223,1576681351466,syn21444980,https://www.synapse.org/#!Synapse:syn20952951.1,b40dd67a19eea223c9a22c67217018f6,/home/robbe/.synapseCache/379/43861379/ag_27_0420.RAW,
syn20952984,ag_28_0489.raw,1,image/RAW,1319757009,3320325,1570810053117,3320223,1576681352051,syn21444980,https://www.synapse.org/#!Synapse:syn20952984.1,c8a934bdc829dad937925b8e873ca60e,/home/robbe/.synapseCache/389/43861389/ag_28_0489.RAW,
syn20953010,ag_29_0455.raw,1,image/RAW,1325165415,3320325,1570810082887,3320223,1576681352597,syn21444980,https://www.synapse.org/#!Synapse:syn20953010.1,3ddcb67e3dbcb048cff9855517f9343f,/home/robbe/.synapseCache/397/43861397/ag_29_0455.RAW,
syn20953039,ag_30_0231.raw,1,image/RAW,1338674956,3320325,1570810111582,3320223,1576681355137,syn21444980,https://www.synapse.org/#!Synapse:syn20953039.1,f4eb9d9c7a3d76af520fde299f492eac,/home/robbe/.synapseCache/406/43861406/ag_30_0231.RAW,
syn20953069,ag_31_0422.raw,1,image/RAW,1328021436,3320325,1570810139841,3320223,1576681355696,syn21444980,https://www.synapse.org/#!Synapse:syn20953069.1,e2e506b1d1a83db57c46fcd6fad8b978,/home/robbe/.synapseCache/417/43861417/ag_31_0422.RAW,
syn20953101,ag_32_0038.raw,1,image/RAW,1442465919,3320325,1570810176028,3320223,1576681356736,syn21444980,https://www.synapse.org/#!Synapse:syn20953101.1,ed593ab55ce8206216afd3faa4404163,/home/robbe/.synapseCache/428/43861428/ag_32_0038.RAW,
syn20953130,ag_33_0223.raw,1,image/RAW,1348187877,3320325,1570810208500,3320223,1576681357573,syn21444980,https://www.synapse.org/#!Synapse:syn20953130.1,e52ff276341eec53bd4b26ec0116aba3,/home/robbe/.synapseCache/438/43861438/ag_33_0223.RAW,
syn20953154,ag_34_0456.raw,1,image/RAW,1332096964,3320325,1570810236125,3320223,1576681358234,syn21444980,https://www.synapse.org/#!Synapse:syn20953154.1,50a9c3455ab6dbb7ee5b6da7850515e3,/home/robbe/.synapseCache/455/43861455/ag_34_0456.RAW,
syn20953181,ag_35_aegis.raw,1,image/RAW,1287237752,3320325,1570810260766,3320223,1576681359461,syn21444980,https://www.synapse.org/#!Synapse:syn20953181.1,bdfd6d8e0287ff964d327552fbc1c7b5,/home/robbe/.synapseCache/471/43861471/ag_35_aegis.RAW,
syn20953207,ag_36_gis.raw,1,image/RAW,1326123324,3320325,1570810286621,3320223,1576681360159,syn21444980,https://www.synapse.org/#!Synapse:syn20953207.1,0204d4caed73e69c04517a66dcde1502,/home/robbe/.synapseCache/482/43861482/ag_36_gis.RAW,
syn20953233,ag_37_aegis.raw,1,image/RAW,1308132471,3320325,1570810313872,3320223,1576681360797,syn21444980,https://www.synapse.org/#!Synapse:syn20953233.1,af4b48f639337492bca3a4b429d351ad,/home/robbe/.synapseCache/494/43861494/ag_37_aegis.RAW,
syn20953260,ag_38_gis.raw,1,image/RAW,1392602523,3320325,1570810340570,3320223,1576681361363,syn21444980,https://www.synapse.org/#!Synapse:syn20953260.1,9dc109077319ead4102485963acccebf,/home/robbe/.synapseCache/504/43861504/ag_38_gis.RAW,
syn20953298,ag_39_0591.raw,1,image/RAW,1391894845,3320325,1570810377413,3320223,1576681362306,syn21444980,https://www.synapse.org/#!Synapse:syn20953298.1,2be9c25dd782b2bfed9debfd90474e2d,/home/robbe/.synapseCache/516/43861516/ag_39_0591.RAW,
syn20953340,ag_40_0262.raw,1,image/RAW,1456789188,3320325,1570810420400,3320223,1576681362954,syn21444980,https://www.synapse.org/#!Synapse:syn20953340.1,01d9e66402ebe56c7b395d3c2f0c9555,/home/robbe/.synapseCache/526/43861526/ag_40_0262.RAW,
syn20953362,ag_41_0419.raw,1,image/RAW,1379334710,3320325,1570810456728,3320223,1576681364053,syn21444980,https://www.synapse.org/#!Synapse:syn20953362.1,de8a5da5da31d6d483a2cd6bb74a7916,/home/robbe/.synapseCache/533/43861533/ag_41_0419.RAW,
syn20953392,ag_42_0653.raw,1,image/RAW,1391565335,3320325,1570810488896,3320223,1576681364959,syn21444980,https://www.synapse.org/#!Synapse:syn20953392.1,85fce28ddbb63ee34c3ebfa31d561b31,/home/robbe/.synapseCache/542/43861542/ag_42_0653.RAW,
syn20953417,ag_43_0142.raw,1,image/RAW,1295663661,3320325,1570810516289,3320223,1576681365548,syn21444980,https://www.synapse.org/#!Synapse:syn20953417.1,3d5eeff1f182c7670cc2103c192d92af,/home/robbe/.synapseCache/550/43861550/ag_43_0142.RAW,
syn20953444,ag_44_0439.raw,1,image/RAW,1381115774,3320325,1570810546970,3320223,1576681367046,syn21444980,https://www.synapse.org/#!Synapse:syn20953444.1,50fc76c2063f65fb85debe1b717446d6,/home/robbe/.synapseCache/559/43861559/ag_44_0439.RAW,
syn20953471,ag_45_0545.raw,1,image/RAW,1396220860,3320325,1570810576542,3320223,1576681367671,syn21444980,https://www.synapse.org/#!Synapse:syn20953471.1,c6dfca40bf339a64674f458023b0b260,/home/robbe/.synapseCache/567/43861567/ag_45_0545.RAW,
syn20953490,ag_46_0072.raw,1,image/RAW,1401618205,3320325,1570810597746,3320223,1576681368284,syn21444980,https://www.synapse.org/#!Synapse:syn20953490.1,a7196174efa68e2555a65dbd7d7218b5,/home/robbe/.synapseCache/573/43861573/ag_46_0072.RAW,
syn20953513,ag_47_0248.raw,1,image/RAW,1389234888,3320325,1570810620497,3320223,1576681369418,syn21444980,https://www.synapse.org/#!Synapse:syn20953513.1,0b0028083bc53ba7f63ac719a78f580b,/home/robbe/.synapseCache/582/43861582/ag_47_0248.RAW,
syn20953551,ag_48_0441.raw,1,image/RAW,1401197280,3320325,1570810652856,3320223,1576681369978,syn21444980,https://www.synapse.org/#!Synapse:syn20953551.1,4904be3876a8c3d4bd5e4d0e77aae5e2,/home/robbe/.synapseCache/596/43861596/ag_48_0441.RAW,
syn20953582,ag_49_0518.raw,1,image/RAW,1405474368,3320325,1570810690037,3320223,1576681370583,syn21444980,https://www.synapse.org/#!Synapse:syn20953582.1,982d32dca90159b94a352dd7e9993c2f,/home/robbe/.synapseCache/613/43861613/ag_49_0518.RAW,
syn20953606,ag_50_0167.raw,1,image/RAW,1412031698,3320325,1570810716827,3320223,1576681371317,syn21444980,https://www.synapse.org/#!Synapse:syn20953606.1,c62c75ae508db364e95df27384ba7cf8,/home/robbe/.synapseCache/621/43861621/ag_50_0167.RAW,
syn20953628,ag_51_0141.raw,1,image/RAW,1405458439,3320325,1570810740295,3320223,1576681371924,syn21444980,https://www.synapse.org/#!Synapse:syn20953628.1,0ec484ed44d5e93f90f2d139e041466a,/home/robbe/.synapseCache/628/43861628/ag_51_0141.RAW,
syn20953661,ag_52_0277.raw,1,image/RAW,1389503396,3320325,1570810776046,3320223,1576681372683,syn21444980,https://www.synapse.org/#!Synapse:syn20953661.1,ece1ed308f8a61c8f8bb51ce951b5ad4,/home/robbe/.synapseCache/638/43861638/ag_52_0277.RAW,
syn20953686,ag_53_0305.raw,1,image/RAW,1421218981,3320325,1570810801438,3320223,1576681373256,syn21444980,https://www.synapse.org/#!Synapse:syn20953686.1,93123efc8857e31c44489af722807fe2,/home/robbe/.synapseCache/648/43861648/ag_53_0305.RAW,
syn20953729,ag_54_aegis.raw,1,image/RAW,1342139356,3320325,1570810828837,3320223,1576681374093,syn21444980,https://www.synapse.org/#!Synapse:syn20953729.1,c3ea9449c297bb3103b64fafc136d6b7,/home/robbe/.synapseCache/659/43861659/ag_54_aegis.RAW,
syn20953763,ag_55_gis.raw,1,image/RAW,1407763334,3320325,1570810855547,3320223,1576681374821,syn21444980,https://www.synapse.org/#!Synapse:syn20953763.1,838e660c26ca21d2b1cfeba805b90977,/home/robbe/.synapseCache/670/43861670/ag_55_gis.RAW,
syn20953782,ag_56_0233.raw,1,image/RAW,1388910291,3320325,1570810890422,3320223,1576681375408,syn21444980,https://www.synapse.org/#!Synapse:syn20953782.1,3bd470ac22a28779512411c73308321a,/home/robbe/.synapseCache/672/43861672/ag_56_0233.RAW,
syn20953787,ag_57_0196.raw,1,image/RAW,1404447924,3320325,1570810915474,3320223,1576681376478,syn21444980,https://www.synapse.org/#!Synapse:syn20953787.1,a4e09698d316ab0a0ada645da4031e3d,/home/robbe/.synapseCache/676/43861676/ag_57_0196.RAW,
syn20953790,ag_58_0555.raw,1,image/RAW,1392299201,3320325,1570810944711,3320223,1576681377501,syn21444980,https://www.synapse.org/#!Synapse:syn20953790.1,3362461f54c255c0dc7346d7813ee07a,/home/robbe/.synapseCache/680/43861680/ag_58_0555.RAW,
syn20953793,ag_59_0472.raw,1,image/RAW,1413232330,3320325,1570810977034,3320223,1576681378180,syn21444980,https://www.synapse.org/#!Synapse:syn20953793.1,4d94d00f8897cd54eaebc0baf442518f,/home/robbe/.synapseCache/684/43861684/ag_59_0472.RAW,
syn20953795,ag_60_0415.raw,1,image/RAW,1418138949,3320325,1570811013764,3320223,1576681378715,syn21444980,https://www.synapse.org/#!Synapse:syn20953795.1,f9d8b5da2151d911b0057990695442d0,/home/robbe/.synapseCache/686/43861686/ag_60_0415.RAW,
syn20953816,ag_61_0176.raw,1,image/RAW,1368481013,3320325,1570811059232,3320223,1576681379268,syn21444980,https://www.synapse.org/#!Synapse:syn20953816.1,c04214060c5faf62b42ce74d5ada18e2,/home/robbe/.synapseCache/715/43861715/ag_61_0176.RAW,
syn20953833,ag_62_0494.raw,1,image/RAW,1358604977,3320325,1570811084680,3320223,1576681379821,syn21444980,https://www.synapse.org/#!Synapse:syn20953833.1,81877a79aa4ec1d92dd49386b4ac9010,/home/robbe/.synapseCache/744/43861744/ag_62_0494.RAW,
syn20953851,ag_63_0187.raw,1,image/RAW,1404674134,3320325,1570811112217,3320223,1576681380378,syn21444980,https://www.synapse.org/#!Synapse:syn20953851.1,a26e3b78e1a87ef8af131945c6d65bf9,/home/robbe/.synapseCache/776/43861776/ag_63_0187.RAW,
syn20953869,ag_64_0504.raw,1,image/RAW,1381086386,3320325,1570811144998,3320223,1576681381446,syn21444980,https://www.synapse.org/#!Synapse:syn20953869.1,e4441f2c3313bc6d3206b1364b2abc0b,/home/robbe/.synapseCache/808/43861808/ag_64_0504.RAW,
syn20953888,ag_65_0490.raw,1,image/RAW,1359805316,3320325,1570811175246,3320223,1576681382077,syn21444980,https://www.synapse.org/#!Synapse:syn20953888.1,6c8fe3e0b7cacd9cf6d0527e286b181b,/home/robbe/.synapseCache/841/43861841/ag_65_0490.RAW,
syn20953909,ag_66_0224.raw,1,image/RAW,1389654360,3320325,1570811210585,3320223,1576681382651,syn21444980,https://www.synapse.org/#!Synapse:syn20953909.1,36297048846a6bd95ced411bafc8b7c7,/home/robbe/.synapseCache/875/43861875/ag_66_0224.RAW,
syn20953923,ag_67_0255.raw,1,image/RAW,1358452607,3320325,1570811234116,3320223,1576681383469,syn21444980,https://www.synapse.org/#!Synapse:syn20953923.1,a1b37eb2fde816247cce1716317c0ee9,/home/robbe/.synapseCache/898/43861898/ag_67_0255.RAW,
syn20953934,ag_68_0274.raw,1,image/RAW,1382781388,3320325,1570811259635,3320223,1576681384010,syn21444980,https://www.synapse.org/#!Synapse:syn20953934.1,347d19273aa8433b0e7a05ca374cca14,/home/robbe/.synapseCache/918/43861918/ag_68_0274.RAW,
syn20953956,ag_69_0580.raw,1,image/RAW,1392372113,3320325,1570811296948,3320223,1576681384650,syn21444980,https://www.synapse.org/#!Synapse:syn20953956.1,ec05b0ed1f393fd9001e26cf2d9e9ab0,/home/robbe/.synapseCache/952/43861952/ag_69_0580.RAW,
syn20953974,ag_70_0606.raw,1,image/RAW,1442201201,3320325,1570811328998,3320223,1576681385222,syn21444980,https://www.synapse.org/#!Synapse:syn20953974.1,11b71be9ecdba5e7a896bebd34dbf742,/home/robbe/.synapseCache/985/43861985/ag_70_0606.RAW,
syn20953998,ag_71_aegis.raw,1,image/RAW,1332054629,3320325,1570811368421,3320223,1576681386580,syn21444980,https://www.synapse.org/#!Synapse:syn20953998.1,14a3a46131ac84badb150a51dd789a16,/home/robbe/.synapseCache/23/43862023/ag_71_aegis.RAW,
syn20954018,ag_72_gis.raw,1,image/RAW,1390483276,3320325,1570811398300,3320223,1576681388217,syn21444980,https://www.synapse.org/#!Synapse:syn20954018.1,660d1a2e9c430bb88a0946b7d9726153,/home/robbe/.synapseCache/48/43862048/ag_72_gis.RAW,
syn20954029,ag_73_aegis.raw,1,image/RAW,1318671949,3320325,1570811422569,3320223,1576681389110,syn21444980,https://www.synapse.org/#!Synapse:syn20954029.1,75c1a75e43679da03d0dc8e0db76c2ea,/home/robbe/.synapseCache/69/43862069/ag_73_aegis.RAW,
syn20954048,ag_74_gis.raw,1,image/RAW,1401986804,3320325,1570811453928,3320223,1576681389683,syn21444980,https://www.synapse.org/#!Synapse:syn20954048.1,fddeb7c0f9c5ad1eb307714665d7c2f1,/home/robbe/.synapseCache/100/43862100/ag_74_gis.RAW,
syn20954073,ag_75_0259.raw,1,image/RAW,1390962981,3320325,1570811493192,3320223,1576681390233,syn21444980,https://www.synapse.org/#!Synapse:syn20954073.1,d97e8996500bb93420ec3f61e64c5c61,/home/robbe/.synapseCache/144/43862144/ag_75_0259.RAW,
syn20954091,ag_76_0523.raw,1,image/RAW,1092446846,3320325,1570811523544,3320223,1576681391102,syn21444980,https://www.synapse.org/#!Synapse:syn20954091.1,4b8012d7d1ccc4e084fd8fc8c031567f,/home/robbe/.synapseCache/176/43862176/ag_76_0523.RAW,
syn20954110,ag_78_0180.raw,1,image/RAW,1381415996,3320325,1570811557958,3320223,1576681391697,syn21444980,https://www.synapse.org/#!Synapse:syn20954110.1,462e929e81ec51b7b49eb703d51a46e4,/home/robbe/.synapseCache/210/43862210/ag_78_0180.RAW,
syn20954136,ag_79_0003.raw,1,image/RAW,1513774731,3320325,1570811601001,3320223,1576681392313,syn21444980,https://www.synapse.org/#!Synapse:syn20954136.1,61f1572d58641e37e1b946931fae15d6,/home/robbe/.synapseCache/254/43862254/ag_79_0003.RAW,
syn20954159,ag_80_0226.raw,1,image/RAW,1410230872,3320325,1570811636610,3320223,1576681392879,syn21444980,https://www.synapse.org/#!Synapse:syn20954159.1,c5049a7208454c256df5f83c5c6621b0,/home/robbe/.synapseCache/293/43862293/ag_80_0226.RAW,
syn20954177,ag_81_0459.raw,1,image/RAW,1393685040,3320325,1570811663620,3320223,1576681393490,syn21444980,https://www.synapse.org/#!Synapse:syn20954177.1,5d729879f40fc337e12f9b7e6dc88f23,/home/robbe/.synapseCache/323/43862323/ag_81_0459.RAW,
syn20954190,ag_82_0619.raw,1,image/RAW,1395703350,3320325,1570811685709,3320223,1576681394041,syn21444980,https://www.synapse.org/#!Synapse:syn20954190.1,ebccd90556f350464863ebf62ab1fb5e,/home/robbe/.synapseCache/345/43862345/ag_82_0619.RAW,
syn20954206,ag_83_0628.raw,1,image/RAW,1391373893,3320325,1570811708205,3320223,1576681394626,syn21444980,https://www.synapse.org/#!Synapse:syn20954206.1,7e49699da5678209572af1f267a22215,/home/robbe/.synapseCache/368/43862368/ag_83_0628.RAW,
syn20954227,ag_84_0004.raw,1,image/RAW,1477162459,3320325,1570811742010,3320223,1576681395298,syn21444980,https://www.synapse.org/#!Synapse:syn20954227.1,9a3e794a2a26cffa21fe3536e5284b1a,/home/robbe/.synapseCache/398/43862398/ag_84_0004.RAW,
syn20954249,ag_85_0184.raw,1,image/RAW,1382851508,3320325,1570811777630,3320223,1576681396154,syn21444980,https://www.synapse.org/#!Synapse:syn20954249.1,f155562c8763f6e5f2cf37cfbff044a3,/home/robbe/.synapseCache/438/43862438/ag_85_0184.RAW,
syn20954264,ag_86_0460.raw,1,image/RAW,1416904693,3320325,1570811803932,3320223,1576681396944,syn21444980,https://www.synapse.org/#!Synapse:syn20954264.1,c5f71b678d11108475d18ae7b6089632,/home/robbe/.synapseCache/466/43862466/ag_86_0460.RAW,
syn20954281,ag_87_0550.raw,1,image/RAW,1415178605,3320325,1570811833133,3320223,1576681397546,syn21444980,https://www.synapse.org/#!Synapse:syn20954281.1,16f7526d018cd205e9caf72ec3f7f171,/home/robbe/.synapseCache/494/43862494/ag_87_0550.RAW,
syn20954298,ag_88_0569.raw,1,image/RAW,1396118594,3320325,1570811867441,3320223,1576681398090,syn21444980,https://www.synapse.org/#!Synapse:syn20954298.1,8cbe3e80f27572ec2b43e9f2e00c3f81,/home/robbe/.synapseCache/525/43862525/ag_88_0569.RAW,
syn20954314,ag_89_0444.raw,1,image/RAW,1358410129,3320325,1570811894797,3320223,1576681398625,syn21444980,https://www.synapse.org/#!Synapse:syn20954314.1,0f97860465f2d6df6b1c9e6e1fa21064,/home/robbe/.synapseCache/551/43862551/ag_89_0444.RAW,
syn20954330,ag_90_aegis.raw,1,image/RAW,1343075081,3320325,1570811917833,3320223,1576681399246,syn21444980,https://www.synapse.org/#!Synapse:syn20954330.1,386478c6301873a9aa0cee77cc0d0628,/home/robbe/.synapseCache/581/43862581/ag_90_aegis.RAW,
syn20954347,ag_91_gis.raw,1,image/RAW,1409923174,3320325,1570811942721,3320223,1576681400170,syn21444980,https://www.synapse.org/#!Synapse:syn20954347.1,caff439b647b6ec1823f5e6b4d64aa92,/home/robbe/.synapseCache/610/43862610/ag_91_gis.RAW,
syn20954361,ag_92_0297.raw,1,image/RAW,1404954149,3320325,1570811968046,3320223,1576681400723,syn21444980,https://www.synapse.org/#!Synapse:syn20954361.1,93cb7f5de2d0a9d37b34af5ee038a152,/home/robbe/.synapseCache/635/43862635/ag_92_0297.RAW,
syn20954376,ag_93_0253.raw,1,image/RAW,1346207175,3320325,1570811991917,3320223,1576681401708,syn21444980,https://www.synapse.org/#!Synapse:syn20954376.1,23a57bc27d49a6a60868f1d410f73624,/home/robbe/.synapseCache/661/43862661/ag_93_0253.RAW,
syn20954427,ag_94_0546.raw,1,image/RAW,1397118453,3320325,1570812026889,3320223,1576681402272,syn21444980,https://www.synapse.org/#!Synapse:syn20954427.1,65dabdeb74ea434882a3c483d9191b85,/home/robbe/.synapseCache/697/43862697/ag_94_0546.RAW,
syn20954455,ag_95_0135.raw,1,image/RAW,1321867764,3320325,1570812058060,3320223,1576681402813,syn21444980,https://www.synapse.org/#!Synapse:syn20954455.1,aee523278b44f204d2bda38c372f537e,/home/robbe/.synapseCache/730/43862730/ag_95_0135.RAW,
syn20954471,ag_96_0122.raw,1,image/RAW,1337446429,3320325,1570812086797,3320223,1576681403364,syn21444980,https://www.synapse.org/#!Synapse:syn20954471.1,cd60f70218a1a1c1c9dc8214ac02bd4a,/home/robbe/.synapseCache/756/43862756/ag_96_0122.RAW,
syn20954490,ag_97_0635.raw,1,image/RAW,1428121391,3320325,1570812119705,3320223,1576681403981,syn21444980,https://www.synapse.org/#!Synapse:syn20954490.1,247b19a83e60a1c62aef17fbc69c779d,/home/robbe/.synapseCache/789/43862789/ag_97_0635.RAW,
syn20954508,ag_98_0111.raw,1,image/RAW,1347659428,3320325,1570812146747,3320223,1576681404574,syn21444980,https://www.synapse.org/#!Synapse:syn20954508.1,0531de1b357654bed602944ae71340d6,/home/robbe/.synapseCache/820/43862820/ag_98_0111.RAW,
syn20954535,ag_99_0193.raw,1,image/RAW,1410089345,3320325,1570812187716,3320223,1576681405177,syn21444980,https://www.synapse.org/#!Synapse:syn20954535.1,7151c8b8ba21ec4dbc7f63f1113ffa0b,/home/robbe/.synapseCache/865/43862865/ag_99_0193.RAW,
