,Sequence_base,Base Sequence,Protein Groups_base,Intensity_2020-07-14_MS_PG_Proteome_Davide_Casserini_CTRL_01_20200717061234_base,Intensity_2020-07-14_MS_PG_Proteome_Davide_Casserini_CTRL_02_20200717083719_base,Intensity_2020-07-14_MS_PG_Proteome_Davide_Casserini_CTRL_03_20200717110239_base,Unnamed: 17_base,Counts_base,median_base,Sequence_modified,Protein Groups_modified,Intensity_2020-07-14_MS_PG_Proteome_Davide_Casserini_CTRL_01_20200717061234_modified,Intensity_2020-07-14_MS_PG_Proteome_Davide_Casserini_CTRL_02_20200717083719_modified,Intensity_2020-07-14_MS_PG_Proteome_Davide_Casserini_CTRL_03_20200717110239_modified,Unnamed: 17_modified,Counts_modified,sepcounts,modifications,median_modified,Proportion,position,matched_peptide,proteins,UP_acc
0,AAFNSGKnan,AAFNSGK,G3P_HUMAN,6.192030838714022,6.295795698890833,6.221939231368868,,2.0,6.221939231368868,AAFNSGK3|[35]Oxidation[F],G3P_HUMAN,3.861168196968463,2.27793144404382,3.4060492422103916,,2,1,[35]Oxidation[F],3.4060492422103916,0.3537654050539358,3,AAFNSGK,G3P_HUMAN((21-28))((P04406)),P04406
11,AASDIAMTELPPTHPIRnan,AASDIAMTELPPTHPIR,1433E_HUMAN,5.251764798920623,4.756966251785519,5.079801786196077,,2.0,5.079801786196077,AASDIAMTELPPTHPIR7|[35]oxidation[M],1433E_HUMAN,6.11469393630746,6.153787581410737,6.175219899736857,,2,1,[35]oxidation[M],6.153787581410737,0.5478024325115357,7,AASDIAMTELPPTHPIR,1433E_HUMAN((154-171))((P62258)),P62258
52,AAYSFYNVHTQTPLLDLMSDALVLAKnan,AAYSFYNVHTQTPLLDLMSDALVLAK,NMT1_HUMAN,4.114522068796738,3.141346486768988,4.365991174373356,,2.0,4.114522068796738,AAYSFYNVHTQTPLLDLMSDALVLAK18|[35]oxidation[M],NMT1_HUMAN,4.438887459716617,4.298000172267081,5.042059056752624,,2,1,[35]oxidation[M],4.438887459716617,0.5189611750634986,18,AAYSFYNVHTQTPLLDLMSDALVLAK,NMT1_HUMAN((418-444))((P30419)),P30419
55,ADRDESSPYAAMLAAQDVAQRnan,ADRDESSPYAAMLAAQDVAQR,RS14_HUMAN,5.6274752578136145,5.3999985727200785,5.666350700806259,,2.0,5.6274752578136145,ADRDESSPYAAMLAAQDVAQR12|[35]oxidation[M],RS14_HUMAN,6.1196663362747,6.050584956475703,6.473483306286222,,2,1,[35]oxidation[M],6.1196663362747,0.5209493975414742,12,ADRDESSPYAAMLAAQDVAQR,RS14_HUMAN((64-85))((P62263)),P62263
66,AIQAYGMKnan,AIQAYGMK,CNN3_HUMAN,4.906494286235047,4.50660607683811,3.9794500155143977,,2.0,4.50660607683811,AIQAYGMK7|[35]oxidation[M],CNN3_HUMAN,6.784892294618832,6.875153764702738,6.709263407020888,,2,1,[35]oxidation[M],6.784892294618832,0.6008850261865979,7,AIQAYGMK,CNN3_HUMAN((92-100))((Q15417)),Q15417
73,AKFEELNMDLFRnan,AKFEELNMDLFR,BIP_HUMAN,5.488965848049246,4.445771177881235,4.976617473108857,,2.0,4.976617473108857,AKFEELNMDLFR8|[35]oxidation[M],BIP_HUMAN,6.319785157614252,6.14696536826474,6.3769091570286704,,2,1,[35]oxidation[M],6.319785157614252,0.5594511247701259,8,AKFEELNMDLFR,BIP_HUMAN((325-337))((P11021)),P11021
84,ALEEAMEQKnan,ALEEAMEQK,MYH9_HUMAN,6.54755666551867,6.283674463281414,6.0995280363624556,,2.0,6.283674463281414,ALEEAMEQK6|[35]oxidation[M],MYH9_HUMAN,7.755798821151938,7.684978625545467,7.67041268960469,,2,1,[35]oxidation[M],7.684978625545467,0.5501588862345259,6,ALEEAMEQK,MYH9_HUMAN((1484-1493))((P35579)),P35579
92,ALLLPDYYLVTVMLSGIKnan,ALLLPDYYLVTVMLSGIK,SND1_HUMAN,4.519542495753403,4.515632221014275,5.344742342301963,,2.0,4.519542495753403,ALLLPDYYLVTVMLSGIK13|[35]oxidation[M],SND1_HUMAN,4.5833871929483,4.444032219079698,5.297173840566285,,2,1,[35]oxidation[M],4.5833871929483,0.503506821395871,13,ALLLPDYYLVTVMLSGIK,SND1_HUMAN((210-228))((Q7KZF4)),Q7KZF4
103,ALQDEWDAVMLHSFTLRnan,ALQDEWDAVMLHSFTLR,PRP19_HUMAN,5.393979181598655,4.700473243175497,5.069999059213546,,2.0,5.069999059213546,ALQDEWDAVMLHSFTLR10|[35]oxidation[M],PRP19_HUMAN,4.9912648857880475,4.611988653492027,5.236159339115698,,2,1,[35]oxidation[M],4.9912648857880475,0.4960872623034299,10,ALQDEWDAVMLHSFTLR,PRP19_HUMAN((77-94))((Q9UMS4)),Q9UMS4
112,APVDFGYVGIDSILEQMRnan,APVDFGYVGIDSILEQMR,SEPT9_HUMAN,5.004461041469902,4.102180541461481,3.254006823889722,,2.0,4.102180541461481,APVDFGYVGIDSILEQMR17|[35]oxidation[M],SEPT9_HUMAN,5.49424257980532,5.801284453303684,5.966983640613591,,2,1,[35]oxidation[M],5.801284453303684,0.5857833047696097,17,APVDFGYVGIDSILEQMR,SEPT9_HUMAN((272-290))((Q9UHD8)),Q9UHD8
116,AQLHDTNMELTDLKnan,AQLHDTNMELTDLK,MYPT1_HUMAN,4.440601221064677,4.124642532022541,3.9891059432940783,,2.0,4.124642532022541,AQLHDTNMELTDLK8|[35]oxidation[M],MYPT1_HUMAN,5.715008564862656,5.723527579897991,5.480960966872954,,2,1,[35]oxidation[M],5.715008564862656,0.5808141476349479,8,AQLHDTNMELTDLK,MYPT1_HUMAN((948-962))((O14974)),O14974
121,ATEGMVVADKnan,ATEGMVVADK,PSB7_HUMAN,4.253632357773441,4.294638988275592,4.063216664961002,,2.0,4.253632357773441,ATEGMVVADK5|[35]oxidation[M],PSB7_HUMAN,5.910128854934213,6.011842742076078,5.870573505666957,,2,1,[35]oxidation[M],5.910128854934213,0.5814903293423339,5,ATEGMVVADK,PSB7_HUMAN((63-73))((Q99436)),Q99436
134,DAGMQLQGYRnan,DAGMQLQGYR,AATM_HUMAN,3.2220712038881065,3.0979784575599734,3.5779355177424246,,2.0,3.2220712038881065,DAGMQLQGYR4|[35]oxidation[M],AATM_HUMAN,5.101405441861303,4.810417107157083,5.532816590097469,,2,1,[35]oxidation[M],5.101405441861303,0.6128935850942121,4,DAGMQLQGYR,AATM_HUMAN((171-181))((P00505)),P00505
144,DALRDEYDDLSDLNAVQMESVRnan,DALRDEYDDLSDLNAVQMESVR,PGRC2_HUMAN,4.474293571311914,4.172166212843498,3.662635212179179,,2.0,4.172166212843498,DALRDEYDDLSDLNAVQMESVR18|[35]oxidation[M],PGRC2_HUMAN,6.261841499399859,6.320729997283166,5.875039468084748,,2,1,[35]oxidation[M],6.261841499399859,0.6001377104649979,18,DALRDEYDDLSDLNAVQMESVR,PGRC2_HUMAN((163-185))((O15173)),O15173
147,DDAMLLKnan,DDAMLLK,CH60_HUMAN,5.255884952623665,5.122002797389461,5.373078448376902,,2.0,5.255884952623665,DDAMLLK4|[35]oxidation[M],CH60_HUMAN,6.630396038858146,6.638811780051553,6.644850060366323,,2,1,[35]oxidation[M],6.638811780051553,0.5581320759372087,4,DDAMLLK,CH60_HUMAN((353-360))((P10809)),P10809
158,DDEEMNTWIQAISSAISSDKnan,DDEEMNTWIQAISSAISSDK,SPTB2_HUMAN,4.667877246184017,4.506346222247056,4.257515104431054,,2.0,4.506346222247056,DDEEMNTWIQAISSAISSDK5|[35]oxidation[M],SPTB2_HUMAN,5.583243958059399,5.665642887986778,5.514950268238031,,2,1,[35]oxidation[M],5.583243958059399,0.5533667729098802,5,DDEEMNTWIQAISSAISSDK,SPTB2_HUMAN((2291-2311))((Q01082)),Q01082
178,DFLLQQTMLRnan,DFLLQQTMLR,LGUL_HUMAN,5.238223348603082,4.703807726643685,4.756655624933953,,2.0,4.756655624933953,DFLLQQTMLR8|[35]oxidation[M],LGUL_HUMAN,6.605117521119994,6.486649973713991,6.530996393127738,,2,1,[35]oxidation[M],6.530996393127738,0.5785965391808062,8,DFLLQQTMLR,LGUL_HUMAN((29-39))((Q04760)),Q04760
192,DFMIQGGDFTRnan,DFMIQGGDFTR,PPIB_HUMAN,5.1700935464412625,4.624973300018588,4.871310344265371,,2.0,4.871310344265371,DFMIQGGDFTR3|[35]oxidation[M],PPIB_HUMAN,6.70120702919126,6.616002164325095,6.799015520638367,,2,1,[35]oxidation[M],6.70120702919126,0.5790621705664077,3,DFMIQGGDFTR,PPIB_HUMAN((99-110))((P23284)),P23284
197,DFNMPLTISSLKnan,DFNMPLTISSLK,PDLI5_HUMAN,5.072134856010907,5.076339188508444,5.051730664411903,,2.0,5.072134856010907,DFNMPLTISSLK4|[35]oxidation[M],PDLI5_HUMAN,5.9180203079682085,5.899808520375366,6.14010297759901,,2,1,[35]oxidation[M],5.9180203079682085,0.5384837811357633,4,DFNMPLTISSLK,PDLI5_HUMAN((23-35))((Q96HC4)),Q96HC4
213,DGNVLLHEMQIQHPTASLIAKnan,DGNVLLHEMQIQHPTASLIAK,TCPZ_HUMAN,4.93570969883469,4.701765679473769,4.529105733124977,,2.0,4.701765679473769,DGNVLLHEMQIQHPTASLIAK9|[35]oxidation[M],TCPZ_HUMAN,6.05221370499063,6.014620374515694,6.327134090172288,,2,1,[35]oxidation[M],6.05221370499063,0.5627882933952696,9,DGNVLLHEMQIQHPTASLIAK,TCPZ_HUMAN((59-80))((P40227)),P40227
219,DGPLNMILDDGGDLTNLIHTKnan,DGPLNMILDDGGDLTNLIHTK,SAHH_HUMAN,4.47820423984579,4.095183668678359,4.860438837824465,,2.0,4.47820423984579,DGPLNMILDDGGDLTNLIHTK6|[35]oxidation[M],SAHH_HUMAN,5.669407659922861,5.449731648253176,5.973503288508725,,2,1,[35]oxidation[M],5.669407659922861,0.5586937809527495,6,DGPLNMILDDGGDLTNLIHTK,SAHH_HUMAN((122-143))((P23526)),P23526
230,DHGVNSFLVYMAFKnan,DHGVNSFLVYMAFK,DPYL2_HUMAN,4.594986795866372,4.318227585542338,4.050900304572045,,2.0,4.318227585542338,DHGVNSFLVYMAFK11|[35]oxidation[M],DPYL2_HUMAN,6.211992013669642,6.095605205943442,6.079827165721335,,2,1,[35]oxidation[M],6.095605205943442,0.5853373419752939,11,DHGVNSFLVYMAFK,DPYL2_HUMAN((158-172))((Q16555)),Q16555
233,DITEEIMSGARnan,DITEEIMSGAR,IF4G1_HUMAN,4.877426510986222,5.0299725508324435,4.2213220263449305,,2.0,4.877426510986222,DITEEIMSGAR7|[35]oxidation[M],IF4G1_HUMAN,5.870339924044295,5.889256119302254,5.742878191276402,,2,1,[35]oxidation[M],5.870339924044295,0.5461916166051879,7,DITEEIMSGAR,IF4G1_HUMAN((191-202))((Q04637)),Q04637
243,DMDLTEVITGTLWNLSSHDSIKnan,DMDLTEVITGTLWNLSSHDSIK,CTND1_HUMAN,4.394185591287454,3.463327615037566,3.0064406052317105,,2.0,3.463327615037566,DMDLTEVITGTLWNLSSHDSIK2|[35]oxidation[M],CTND1_HUMAN,5.737427465730524,5.697227901210029,5.8301586746011544,,2,1,[35]oxidation[M],5.737427465730524,0.6235822403014728,2,DMDLTEVITGTLWNLSSHDSIK,CTND1_HUMAN((465-487))((O60716)),O60716
249,DMSLYASLTSEKnan,DMSLYASLTSEK,MAP1B_HUMAN,4.5771853487170855,4.752438388939718,3.856037115299493,,2.0,4.5771853487170855,DMSLYASLTSEK2|[35]oxidation[M],MAP1B_HUMAN,6.346636622014572,6.301345200421856,6.307924274611227,,2,1,[35]oxidation[M],6.307924274611227,0.5795002983793993,2,DMSLYASLTSEK,MAP1B_HUMAN((1758-1770))((P46821)),P46821
262,DTGIFLDLMHLKnan,DTGIFLDLMHLK,XRCC6_HUMAN,4.669843505351922,3.693670044540736,4.637995075545055,,2.0,4.637995075545055,DTGIFLDLMHLK9|[35]oxidation[M],XRCC6_HUMAN,5.213000779466858,4.684411932029647,,,2,1,[35]oxidation[M],4.948706355748253,0.5162053278924992,9,DTGIFLDLMHLK,XRCC6_HUMAN((195-207))((P12956)),P12956
269,DVSSVELLMNNHQGIKnan,DVSSVELLMNNHQGIK,SPTB2_HUMAN,5.617182728127749,5.5353479511176165,5.404937067931118,,2.0,5.5353479511176165,DVSSVELLMNNHQGIK9|[35]oxidation[M],SPTB2_HUMAN,6.362311054890375,6.421612372658544,6.372826717509535,,2,1,[35]oxidation[M],6.372826717509535,0.535164027640538,9,DVSSVELLMNNHQGIK,SPTB2_HUMAN((1942-1958))((Q01082)),Q01082
277,DYLLMEEEFIRnan,DYLLMEEEFIR,PRS4_HUMAN,4.157994709536769,3.684685332509353,3.5299450896387086,,2.0,3.684685332509353,DYLLMEEEFIR5|[35]oxidation[M],PRS4_HUMAN,5.776355966198074,5.726340399706006,5.705666632285494,,2,1,[35]oxidation[M],5.726340399706006,0.6084714421833828,5,DYLLMEEEFIR,PRS4_HUMAN((70-81))((P62191)),P62191
279,EAYMGNVLQGGEGQAPTRnan,EAYMGNVLQGGEGQAPTR,THIL_HUMAN,4.235939429209079,3.9441391760595366,3.685777990043919,,2.0,3.9441391760595366,EAYMGNVLQGGEGQAPTR4|[35]oxidation[M],THIL_HUMAN,5.446631003651283,5.379110419427034,5.609539666055154,,2,1,[35]oxidation[M],5.446631003651283,0.5799983280837788,4,EAYMGNVLQGGEGQAPTR,THIL_HUMAN((88-106))((P24752)),P24752
293,EGNDLYHEMIESGVINLKnan,EGNDLYHEMIESGVINLK,ATPB_HUMAN,5.51269517736262,5.503936178276402,5.25657702339762,,2.0,5.503936178276402,EGNDLYHEMIESGVINLK9|[35]oxidation[M],ATPB_HUMAN,5.976337807172516,5.9742587039188875,6.0181072128744795,,2,1,[35]oxidation[M],5.976337807172516,0.520574492799339,9,EGNDLYHEMIESGVINLK,ATPB_HUMAN((242-260))((P06576)),P06576
307,EGQDVPLKPDAEYPEWLFEMNLGPPKnan,EGQDVPLKPDAEYPEWLFEMNLGPPK,RM54_HUMAN,3.9018696523171705,3.5148564684603283,3.8029641292210665,,2.0,3.8029641292210665,EGQDVPLKPDAEYPEWLFEMNLGPPK20|[35]oxidation[M],RM54_HUMAN,4.883771388550752,4.675634898182445,4.787653146792081,,2,1,[35]oxidation[M],4.787653146792081,0.5573118895844934,20,EGQDVPLKPDAEYPEWLFEMNLGPPK,RM54_HUMAN((80-106))((Q6P161)),Q6P161
317,EHPWEVMPDLYFYRDPEEIEKnan,EHPWEVMPDLYFYRDPEEIEK,RSSA_HUMAN,5.70113288762127,5.389449852775992,5.609772002632971,,2.0,5.609772002632971,EHPWEVMPDLYFYRDPEEIEK7|[35]oxidation[M],RSSA_HUMAN,6.635449328831566,6.433775929669905,6.521632132791547,,2,1,[35]oxidation[M],6.521632132791547,0.5375826293469147,7,EHPWEVMPDLYFYRDPEEIEK,RSSA_HUMAN((192-213))((P08865)),P08865
332,EKPSYDTETDPSEGLMNVLKnan,EKPSYDTETDPSEGLMNVLK,CYBP_HUMAN,4.629171462200653,3.934006217640772,4.201852260370015,,2.0,4.201852260370015,EKPSYDTETDPSEGLMNVLK16|[35]oxidation[M],CYBP_HUMAN,5.769877596608305,5.757819385155351,5.97410154860667,,2,1,[35]oxidation[M],5.769877596608305,0.5786235366745806,16,EKPSYDTETDPSEGLMNVLK,CYBP_HUMAN((177-197))((Q9HB71)),Q9HB71
335,ELGDVLFQMAEVHRnan,ELGDVLFQMAEVHR,BAIP2_HUMAN,4.493219557740783,4.224719113646318,4.093677401695245,,2.0,4.224719113646318,ELGDVLFQMAEVHR9|[35]oxidation[M],BAIP2_HUMAN,5.0454748901427635,5.141719780845057,4.9849668502848345,,2,1,[35]oxidation[M],5.0454748901427635,0.5442685329002269,9,ELGDVLFQMAEVHR,BAIP2_HUMAN((71-85))((Q9UQB8)),Q9UQB8
342,ELLELEALSMAVESTGTAKnan,ELLELEALSMAVESTGTAK,MVP_HUMAN,4.547872827958234,4.088117102750644,3.795372559584892,,2.0,4.088117102750644,ELLELEALSMAVESTGTAK10|[35]oxidation[M],MVP_HUMAN,5.7627451620388905,5.357641927373742,5.890641969912654,,2,1,[35]oxidation[M],5.7627451620388905,0.5849990596901329,10,ELLELEALSMAVESTGTAK,MVP_HUMAN((705-724))((Q14764)),Q14764
354,EMEAELEDERKnan,EMEAELEDERK,MYH9_HUMAN,5.825617577167308,5.496624988304832,5.6044748772430095,,2.0,5.6044748772430095,EMEAELEDERK2|[35]oxidation[M],MYH9_HUMAN,7.520963384904654,7.373971429142578,7.47786130873045,,2,1,[35]oxidation[M],7.47786130873045,0.5715998429048184,2,EMEAELEDERK,MYH9_HUMAN((1593-1604))((P35579)),P35579
367,EMVLEIIRnan,EMVLEIIR,FUBP3_HUMAN,4.777479404463938,4.376365569551357,4.06847847567463,,2.0,4.376365569551357,EMVLEIIR2|[35]oxidation[M],FUBP3_HUMAN,6.266458532092907,6.4015916870550615,6.205631864608868,,2,1,[35]oxidation[M],6.266458532092907,0.5887965893493222,2,EMVLEIIR,FUBP3_HUMAN((226-234))((Q96I24)),Q96I24
374,EQLGPVTQEFWDNLEKnan,EQLGPVTQEFWDNLEK,P15497,4.546182159900913,4.59833073526083,4.05808587661137,,2.0,4.546182159900913,EQLGPVTQEFWDNLEK11|[351]Trp->Kynurenin[W],sp|P15497,4.699596454807551,4.760729919704025,4.638588283054514,,2,1,[351]Trp->Kynurenin[W],4.699596454807551,0.5082964508074302,11,EQLGPVTQEFWDNLEK,APOA1_HUMAN((86-102))((P02647))||sp|P15497((85-101))((sp|P15497)),P02647||sp|P15497
382,ERLEQQVPVNQVFGQDEMIDVIGVTKnan,ERLEQQVPVNQVFGQDEMIDVIGVTK,RL3_HUMAN,4.503810585015299,3.3520388682342555,4.307545360245243,,2.0,4.307545360245243,ERLEQQVPVNQVFGQDEMIDVIGVTK18|[35]oxidation[M],RL3_HUMAN,5.793113477106847,5.562129634294985,6.2180641288302105,,2,1,[35]oxidation[M],5.793113477106847,0.5735381790823385,18,ERLEQQVPVNQVFGQDEMIDVIGVTK,RL3_HUMAN((199-225))((P39023)),P39023
388,ERVEAVNMAEGIIHDTETKnan,ERVEAVNMAEGIIHDTETK,GRP75_HUMAN,2.103658541723408,2.8551216932554713,5.061890863181472,,2.0,2.8551216932554713,ERVEAVNMAEGIIHDTETK8|[35]oxidation[M],GRP75_HUMAN,6.49665978823257,6.359189549842672,6.251923437541936,,2,1,[35]oxidation[M],6.359189549842672,0.6901426902207083,8,ERVEAVNMAEGIIHDTETK,GRP75_HUMAN((577-596))((P38646)),P38646
409,ETASELLMRnan,ETASELLMR,SPTB2_HUMAN,4.949599677585454,5.1108847330402325,5.25569342388004,,2.0,5.1108847330402325,ETASELLMR8|[35]oxidation[M],SPTB2_HUMAN,6.488341478788643,6.517622367910873,6.325261981302536,,2,1,[35]oxidation[M],6.488341478788643,0.559377096393882,8,ETASELLMR,SPTB2_HUMAN((1262-1271))((Q01082)),Q01082
414,ETEMALAKnan,ETEMALAK,MAP4_HUMAN,4.748469461084056,4.270410999637766,3.927148661882427,,2.0,4.270410999637766,ETEMALAK4|[35]oxidation[M],MAP4_HUMAN,6.227987579921438,5.989750612045554,6.022752923741178,,2,1,[35]oxidation[M],6.022752923741178,0.5851216369013275,4,ETEMALAK,MAP4_HUMAN((255-263))((P27816)),P27816
421,EVPLSALTNILSAQLISHWKnan,EVPLSALTNILSAQLISHWK,PAI1_HUMAN,6.665337815240874,6.54622571260816,6.887059149151941,,2.0,6.665337815240874,EVPLSALTNILSAQLISHWK19|[351]Trp->Kynurenin[W],PAI1_HUMAN,4.529702465898069,3.8608646321917695,3.875518199289636,,2,1,[351]Trp->Kynurenin[W],3.875518199289636,0.3676663635237267,19,EVPLSALTNILSAQLISHWK,PAI1_HUMAN((267-287))((P05121)),P05121
430,EVQMGDFVRnan,EVQMGDFVR,FKB10_HUMAN,4.531533259384503,4.019700535738777,3.7705542849173375,,2.0,4.019700535738777,EVQMGDFVR4|[35]oxidation[M],FKB10_HUMAN,5.919509210887009,5.83910638588773,5.926192045201214,,2,1,[35]oxidation[M],5.919509210887009,0.5955714148095722,4,EVQMGDFVR,FKB10_HUMAN((58-67))((Q96AY3)),Q96AY3
433,FSMPSLKnan,FSMPSLK,AHNK_HUMAN,5.293966856964923,5.065696924280139,4.728445273591383,,2.0,5.065696924280139,FSMPSLK3|[35]oxidation[M],AHNK_HUMAN,6.178460240534828,6.244580724824793,6.063604258293557,,2,1,[35]oxidation[M],6.178460240534828,0.5494818464356195,3,FSMPSLK,AHNK_HUMAN((1006-1013))((Q09666)),Q09666
439,FTTGDAMSKnan,FTTGDAMSK,COTL1_HUMAN,5.579350140408377,5.320476590068799,4.851181386824573,,2.0,5.320476590068799,FTTGDAMSK7|[35]oxidation[M],COTL1_HUMAN,7.050501843429115,7.067637706295409,7.119003732472487,,2,1,[35]oxidation[M],7.067637706295409,0.5705176378918051,7,FTTGDAMSK,COTL1_HUMAN((64-73))((Q14019)),Q14019
445,FVHFIDAPSLALIMPIVQRnan,FVHFIDAPSLALIMPIVQR,GCN1_HUMAN,3.825697871728036,3.921484452110079,4.254791762155062,,2.0,3.921484452110079,FVHFIDAPSLALIMPIVQR14|[35]oxidation[M],;GCN1_HUMAN,5.0551902758423015,5.0070087460418256,5.468727720008518,,2,1,[35]oxidation[M],5.0551902758423015,0.5631473155756657,14,FVHFIDAPSLALIMPIVQR,GCN1_HUMAN((1604-1623))((Q92616)),Q92616
450,FVIPDFMSFTSHIDELYESAKnan,FVIPDFMSFTSHIDELYESAK,GLSK_HUMAN,6.290417135375207,5.546899725850631,5.738925953051002,,2.0,5.738925953051002,FVIPDFMSFTSHIDELYESAK7|[35]oxidation[M],GLSK_HUMAN,6.4071882447312545,6.022644917514116,6.44931154924223,,2,1,[35]oxidation[M],6.4071882447312545,0.5275093038316019,7,FVIPDFMSFTSHIDELYESAK,GLSK_HUMAN((219-240))((O94925)),O94925
454,FVPQEMGPHTVAVKnan,FVPQEMGPHTVAVK,FLNC_HUMAN,6.097639351642883,5.856575680755696,5.834589589911666,,2.0,5.856575680755696,FVPQEMGPHTVAVK6|[35]oxidation[M],FLNC_HUMAN,7.072262897756566,7.082407674902152,7.165288809660116,,2,1,[35]oxidation[M],7.082407674902152,0.5473697183330264,6,FVPQEMGPHTVAVK,FLNC_HUMAN((2278-2292))((Q14315)),Q14315
458,FWYDMAALLTTIKnan,FWYDMAALLTTIK,MACF1_HUMAN,4.937412246841397,4.90840009230347,4.688333061366536,,2.0,4.90840009230347,FWYDMAALLTTIK5|[35]oxidation[M],MACF1_HUMAN,5.2540013869731155,5.418469626969801,5.1823917834161,,2,1,[35]oxidation[M],5.2540013869731155,0.517003918580387,5,FWYDMAALLTTIK,MACF1_HUMAN((6009-6022))((Q9UPN3)),Q9UPN3
465,GADINAPDKnan,GADINAPDK,MTPN_HUMAN,7.014704774652667,6.925063698154087,6.9433271551403495,,2.0,6.9433271551403495,GADINAPDK5|[35]Oxidation[N],MTPN_HUMAN,6.059099324473478,6.075265541708031,5.789187239603134,,2,1,[35]Oxidation[N],6.059099324473478,0.4659975839104636,5,GADINAPDK,MTPN_HUMAN((58-67))((P58546)),P58546
475,GAEVAHFMNALRnan,GAEVAHFMNALR,5NTD_HUMAN,4.889506828010671,4.521400413702786,4.46864830272537,,2.0,4.521400413702786,GAEVAHFMNALR8|[35]oxidation[M],5NTD_HUMAN,4.895295704312426,4.933666979499814,5.068574590055923,,2,1,[35]oxidation[M],4.933666979499814,0.5218013552232009,8,GAEVAHFMNALR,5NTD_HUMAN((98-110))((P21589)),P21589
477,GDQENVHPDVMLVQPRnan,GDQENVHPDVMLVQPR,IMB1_HUMAN,4.671411829057186,4.410753395032913,4.824027941217751,,2.0,4.671411829057186,GDQENVHPDVMLVQPR11|[35]oxidation[M],IMB1_HUMAN,6.047569744208887,6.121850776751665,6.150921911198712,,2,1,[35]oxidation[M],6.121850776751665,0.5671918677728578,11,GDQENVHPDVMLVQPR,IMB1_HUMAN((778-794))((Q14974)),Q14974
482,GFGFVTYATVEEVDAAMNARnan,GFGFVTYATVEEVDAAMNAR,;RA1L3_HUMAN,5.8017073404642625,5.847521827521892,4.9886694573031285,,2.0,5.8017073404642625,GFGFVTYATVEEVDAAMNAR17|[35]oxidation[M],;RA1L3_HUMAN,6.728888526428099,6.703143525636954,6.497747222166167,,2,1,[35]oxidation[M],6.703143525636954,0.5360434600470266,17,GFGFVTYATVEEVDAAMNAR,ROA1_HUMAN((56-76))((P09651))||RA1L3_HUMAN((11-31))((A0A2R8Y4L2)),P09651||RA1L3_HUMAN
511,GFGFVTYATVEEVDAAMNARPHKnan,GFGFVTYATVEEVDAAMNARPHK,RA1L3_HUMAN,5.107745081709677,4.041742886546379,4.4309358177040865,,2.0,4.4309358177040865,GFGFVTYATVEEVDAAMNARPHK17|[35]oxidation[M],;RA1L3_HUMAN,6.038585713474916,5.870511015377083,6.243171141219985,,2,1,[35]oxidation[M],6.038585713474916,0.5767776202084848,17,GFGFVTYATVEEVDAAMNARPHK,ROA1_HUMAN((56-79))((P09651))||RA1L3_HUMAN((11-34))((A0A2R8Y4L2)),P09651||RA1L3_HUMAN
525,GIQEEMEALVKnan,GIQEEMEALVK,DPYL2_HUMAN,5.7946867487214435,5.319797362913758,5.309827735907645,,2.0,5.319797362913758,GIQEEMEALVK6|[35]oxidation[M],DPYL2_HUMAN,6.237602459482334,6.3793083413176594,6.149086224770755,,2,1,[35]oxidation[M],6.237602459482334,0.539706383385216,6,GIQEEMEALVK,DPYL2_HUMAN((147-158))((Q16555)),Q16555
540,GPAFNMASPESDFGINLKnan,GPAFNMASPESDFGINLK,AHNK_HUMAN,5.003431068307607,4.576516889770529,4.012605407474223,,2.0,4.576516889770529,GPAFNMASPESDFGINLK6|[35]oxidation[M],AHNK_HUMAN,6.450631533788111,6.314667717018519,6.368109670168846,,2,1,[35]oxidation[M],6.368109670168846,0.5818480544122028,6,GPAFNMASPESDFGINLK,AHNK_HUMAN((5545-5563))((Q09666)),Q09666
547,GQLVPLETVLDMLRnan,GQLVPLETVLDMLR,KAD1_HUMAN,5.373341538151167,4.74379508528159,4.425350383336269,,2.0,4.74379508528159,GQLVPLETVLDMLR12|[35]oxidation[M],KAD1_HUMAN,5.735596298018523,5.776229745803009,5.594085134863008,,2,1,[35]oxidation[M],5.735596298018523,0.5473215083042637,12,GQLVPLETVLDMLR,KAD1_HUMAN((64-78))((P00568)),P00568
558,GSNMDFREPTEEERnan,GSNMDFREPTEEER,IF4H_HUMAN,4.772253046362245,4.325874300718016,4.4175486553458745,,2.0,4.4175486553458745,GSNMDFREPTEEER4|[35]oxidation[M],IF4H_HUMAN,6.530803875281801,6.366436270608662,6.507000929043907,,2,1,[35]oxidation[M],6.507000929043907,0.5956310490220885,4,GSNMDFREPTEEER,IF4H_HUMAN((192-206))((Q15056)),Q15056
567,GVAINMVTEEDKRnan,GVAINMVTEEDKR,IF4A1_HUMAN,5.053409059717001,3.977916383385983,4.488063682755678,,2.0,4.488063682755678,GVAINMVTEEDKR6|[35]oxidation[M],IF4A1_HUMAN,5.722826297644412,5.615500920991791,5.876377390140271,,2,1,[35]oxidation[M],5.722826297644412,0.5604630261054068,6,GVAINMVTEEDKR,IF4A1_HUMAN((370-383))((P60842)),P60842
572,GWDEALLTMSKnan,GWDEALLTMSK,FKBP3_HUMAN,4.783944045948422,4.199894496351918,4.4627377124264695,,2.0,4.4627377124264695,GWDEALLTMSK9|[35]oxidation[M],FKBP3_HUMAN,5.9050085471596745,5.855637082546519,5.86181804053494,,2,1,[35]oxidation[M],5.86181804053494,0.5677549892501269,9,GWDEALLTMSK,FKBP3_HUMAN((174-185))((Q00688)),Q00688
586,HAEMVHTGLKnan,HAEMVHTGLK,CAP1_HUMAN,4.817351871374613,4.537164014549825,4.567586578295632,,2.0,4.567586578295632,HAEMVHTGLK4|[35]oxidation[M],CAP1_HUMAN,6.4778092832750955,6.434423979481432,6.252389960984723,,2,1,[35]oxidation[M],6.434423979481432,0.5848407384896652,4,HAEMVHTGLK,CAP1_HUMAN((72-82))((Q01518)),Q01518
594,HSTLDFMLGAKnan,HSTLDFMLGAK,SPSY_HUMAN,5.428865627835038,5.170658757924465,5.1898109376690975,,2.0,5.1898109376690975,HSTLDFMLGAK7|[35]oxidation[M],SPSY_HUMAN,6.266771789565878,6.176326265734098,6.3539165381151665,,2,1,[35]oxidation[M],6.266771789565878,0.5470018363039701,7,HSTLDFMLGAK,SPSY_HUMAN((6-17))((P52788)),P52788
603,IAQDLEMYGINYFEIKnan,IAQDLEMYGINYFEIK,EZRI_HUMAN,5.559898148526665,5.383907142258847,5.394750670199779,,2.0,5.394750670199779,IAQDLEMYGINYFEIK7|[35]oxidation[M],EZRI_HUMAN,6.54971361465394,6.583589354278344,6.587625587983835,,2,1,[35]oxidation[M],6.583589354278344,0.5496245173224811,7,IAQDLEMYGINYFEIK,EZRI_HUMAN((194-210))((P15311)),P15311
620,IGGDAATTVNNSTPDFGFGGQKnan,IGGDAATTVNNSTPDFGFGGQK,FUBP2_HUMAN,5.73323483094391,5.887867608125054,5.581673240385501,,2.0,5.73323483094391,IGGDAATTVNNSTPDFGFGGQK14|[1922]Pro->HAVA[P],FUBP2_HUMAN,3.20367941222022,3.42402198360476,,,2,1,[1922]Pro->HAVA[P],3.31385069791249,0.3662893080144649,14,IGGDAATTVNNSTPDFGFGGQK,FUBP2_HUMAN((88-110))((Q92945)),Q92945
635,IITHPNFNGNTLDNDIMLIKLSSPATLNSRnan,IITHPNFNGNTLDNDIMLIKLSSPATLNSR,TRYP_PIG,4.288339189772811,4.106665890163933,2.7745042874828263,,2.0,4.106665890163933,IITHPNFNGNTLDNDIMLIKLSSPATLNSR17|[35]oxidation[M],TRYP_PIG,5.546165049917834,5.611859100675299,5.102083056808112,,2,1,[35]oxidation[M],5.546165049917834,0.5745635745974075,17,IITHPNFNGNTLDNDIMLIKLSSPATLNSR,TRYP_PIG((78-108))((P00761)),P00761
639,ILLELLNQMDGFDQNVNVKnan,ILLELLNQMDGFDQNVNVK,PRS6B_HUMAN,4.607597519240615,4.133281564299584,3.11992452018489,,2.0,4.133281564299584,ILLELLNQMDGFDQNVNVK9|[35]oxidation[M],PRS6B_HUMAN,5.298993995223252,5.184376304248038,4.975769409214346,,2,1,[35]oxidation[M],5.184376304248038,0.5564033770491024,9,ILLELLNQMDGFDQNVNVK,PRS6B_HUMAN((288-307))((P43686)),P43686
643,IPAMTIAKnan,IPAMTIAK,CH60_HUMAN,5.70690141459234,5.569060736781027,5.416416991446057,,2.0,5.569060736781027,IPAMTIAK4|[35]oxidation[M],CH60_HUMAN,6.557451277738378,7.070298902952906,7.233501940242002,,2,1,[35]oxidation[M],7.070298902952906,0.5593874297813509,4,IPAMTIAK,CH60_HUMAN((474-482))((P10809)),P10809
646,ISMPDFDLNLKnan,ISMPDFDLNLK,AHNK_HUMAN,5.400949749294611,4.817367423574891,4.430339679978507,,2.0,4.817367423574891,ISMPDFDLNLK3|[35]oxidation[M],AHNK_HUMAN,6.095650312890714,6.125667666470903,5.962409103745208,,2,1,[35]oxidation[M],6.095650312890714,0.5585668840729759,3,ISMPDFDLNLK,AHNK_HUMAN((3671-3682))((Q09666)),Q09666
654,ISMPDLDLHLKnan,ISMPDLDLHLK,AHNK_HUMAN,5.447745728676003,4.9290614780290225,4.846353440434033,,2.0,4.9290614780290225,ISMPDLDLHLK3|[35]oxidation[M],AHNK_HUMAN,6.272261765978484,6.10631771342226,6.153288991197662,,2,1,[35]oxidation[M],6.153288991197662,0.5552332069161707,3,ISMPDLDLHLK,AHNK_HUMAN((2386-2397))((Q09666)),Q09666
673,ISMPDVDLNLKnan,ISMPDVDLNLK,AHNK_HUMAN,4.921182603837753,4.713709025776094,4.227311592938267,,2.0,4.713709025776094,ISMPDVDLNLK3|[35]oxidation[M],AHNK_HUMAN,6.012464154774577,6.0861462741666,6.055021663153917,,2,1,[35]oxidation[M],6.055021663153917,0.562278121541133,3,ISMPDVDLNLK,AHNK_HUMAN((1323-1334))((Q09666)),Q09666
686,ISMPEIDLNLKnan,ISMPEIDLNLK,AHNK_HUMAN,5.224070226179498,5.320454812244413,5.108298460862083,,2.0,5.224070226179498,ISMPEIDLNLK3|[35]oxidation[M],AHNK_HUMAN,6.094232471477268,6.165177278719447,5.993189114659498,,2,1,[35]oxidation[M],6.094232471477268,0.5384404918538678,3,ISMPEIDLNLK,AHNK_HUMAN((3293-3304))((Q09666)),Q09666
689,ISMPGFKnan,ISMPGFK,AHNK_HUMAN,5.689787443975559,5.410401666070211,5.29275063599772,,2.0,5.410401666070211,ISMPGFK3|[35]oxidation[M],AHNK_HUMAN,6.214405155289571,6.090392277341172,6.1063438197773765,,2,1,[35]oxidation[M],6.1063438197773765,0.5302143584992123,3,ISMPGFK,AHNK_HUMAN((2774-2781))((Q09666)),Q09666
695,ITAEEMYDIFGKnan,ITAEEMYDIFGK,SF3B6_HUMAN,4.841093427421913,4.672697652788315,4.898289896845238,,2.0,4.841093427421913,ITAEEMYDIFGK6|[35]oxidation[M],SF3B6_HUMAN,4.661551255170524,5.036880817951606,5.041555962599341,,2,1,[35]oxidation[M],5.036880817951606,0.5099103007188641,6,ITAEEMYDIFGK,SF3B6_HUMAN((30-42))((Q9Y3B4)),Q9Y3B4
702,IVEVLLMKnan,IVEVLLMK,RBMX_HUMAN,4.696018626631685,3.8140352998411906,4.520194552764248,,2.0,4.520194552764248,IVEVLLMK7|[35]oxidation[M],;RBMX_HUMAN,6.159852721120172,5.9550564771461225,6.38667847965915,,2,1,[35]oxidation[M],6.159852721120172,0.5767626830812504,7,IVEVLLMK,RBMX_HUMAN((34-42))((P38159))||RMXL2_HUMAN((34-42))((O75526)),P38159||RMXL2_HUMAN
709,IVSQLLTLMDGLKnan,IVSQLLTLMDGLK,TERA_HUMAN,5.901820098332355,5.8605845673915224,6.105094567116986,,2.0,5.901820098332355,IVSQLLTLMDGLK9|[35]oxidation[M],TERA_HUMAN,5.850581492452451,5.8707404537101,5.988269582070149,,2,1,[35]oxidation[M],5.8707404537101,0.49867999639989685,9,IVSQLLTLMDGLK,TERA_HUMAN((324-337))((P55072)),P55072
713,KEELMFFLWAPELAPLKnan,KEELMFFLWAPELAPLK,DEST_HUMAN,5.288388892204351,5.04033102612158,4.971110553578469,,2.0,5.04033102612158,KEELMFFLWAPELAPLK5|[35]oxidation[M],DEST_HUMAN,6.48104687494919,6.4640710221908675,6.511219129624031,,2,1,[35]oxidation[M],6.48104687494919,0.5625235914140839,5,KEELMFFLWAPELAPLK,DEST_HUMAN((96-113))((P60981)),P60981
720,KIEDLGAAMEEALILDNKnan,KIEDLGAAMEEALILDNK,SPTN1_HUMAN,5.022237144703101,4.654854708845433,3.933091019849617,,2.0,4.654854708845433,KIEDLGAAMEEALILDNK9|[35]oxidation[M],SPTN1_HUMAN,5.669803808258646,5.806943076987759,5.707200991424585,,2,1,[35]oxidation[M],5.707200991424585,0.5507788373764353,9,KIEDLGAAMEEALILDNK,SPTN1_HUMAN((2264-2282))((Q13813)),Q13813
731,KLEMDLKnan,KLEMDLK,MYH9_HUMAN,3.929664140301172,5.567883277842641,4.759519206431336,,2.0,4.759519206431336,KLEMDLK4|[35]oxidation[M],MYH9_HUMAN,7.306237306634642,7.241878200329062,7.3085140750942905,,2,1,[35]oxidation[M],7.306237306634642,0.6055349532971874,4,KLEMDLK,MYH9_HUMAN((1614-1621))((P35579)),P35579
740,KTDDVEAMSSQPALALDERnan,KTDDVEAMSSQPALALDER,MAP1B_HUMAN,4.883145974779865,4.615135067830891,4.346278485508152,,2.0,4.615135067830891,KTDDVEAMSSQPALALDER8|[35]oxidation[M],MAP1B_HUMAN,6.058205190928298,5.821289111488204,5.816700029158424,,2,1,[35]oxidation[M],5.821289111488204,0.5577857905606902,8,KTDDVEAMSSQPALALDER,MAP1B_HUMAN((1477-1496))((P46821)),P46821
757,KYDVDTLDMVFLDHWKnan,KYDVDTLDMVFLDHWK,COMT_HUMAN,3.9749601055978925,3.153797876797371,3.4662967118954526,,2.0,3.4662967118954526,KYDVDTLDMVFLDHWK9|[35]oxidation[M],COMT_HUMAN,5.469789110404618,5.56647848417617,5.828009643777318,,2,1,[35]oxidation[M],5.56647848417617,0.6162534064389255,9,KYDVDTLDMVFLDHWK,COMT_HUMAN((179-195))((P21964)),P21964
763,LAAAISEVVSQTPASTTQAGAPPRnan,LAAAISEVVSQTPASTTQAGAPPR,ICAL_HUMAN,5.368632213912734,5.374603951958551,5.309771657299514,,2.0,5.368632213912734,LAAAISEVVSQTPASTTQAGAPPR13|[1922]Pro->HAVA[P],ICAL_HUMAN,3.192042403879617,3.5363894552538264,,,2,1,[1922]Pro->HAVA[P],3.364215929566722,0.3852369667138523,13,LAAAISEVVSQTPASTTQAGAPPR,ICAL_HUMAN((535-559))((P20810)),P20810
774,LAGPQLVQMFIGDGAKnan,LAGPQLVQMFIGDGAK,PRS6A_HUMAN,5.185304740836749,4.56527943181478,4.565945104054895,,2.0,4.565945104054895,LAGPQLVQMFIGDGAK9|[35]oxidation[M],PRS6A_HUMAN,4.7254863929595,4.843939934583884,4.554807674817136,,2,1,[35]oxidation[M],4.7254863929595,0.508585398759915,9,LAGPQLVQMFIGDGAK,PRS6A_HUMAN((251-267))((P17980)),P17980
779,LDPGLIMEQVKnan,LDPGLIMEQVK,TIM13_HUMAN,4.7110466332075145,4.750187853645025,4.147082955156229,,2.0,4.7110466332075145,LDPGLIMEQVK7|[35]oxidation[M],TIM13_HUMAN,5.7847715814818,5.748951008162275,5.583092292741558,,2,1,[35]oxidation[M],5.748951008162275,0.5496130310225789,7,LDPGLIMEQVK,TIM13_HUMAN((17-28))((Q9Y5L4)),Q9Y5L4
793,LELLLMDNLRnan,LELLLMDNLR,ITA3_HUMAN,4.485412376915987,4.217953404339434,4.823384914423359,,2.0,4.485412376915987,LELLLMDNLR6|[35]oxidation[M],ITA3_HUMAN,5.666186325390955,5.844184661521648,5.666027795364323,,2,1,[35]oxidation[M],5.666186325390955,0.5581570441809642,6,LELLLMDNLR,ITA3_HUMAN((553-563))((P26006)),P26006
801,LEQFVSILMASIPLPDKnan,LEQFVSILMASIPLPDK,PNPH_HUMAN,3.2566273580955207,2.6809546882738617,3.7502113557532972,,2.0,3.2566273580955207,LEQFVSILMASIPLPDK9|[35]oxidation[M],PNPH_HUMAN,,4.7645119740985615,4.9672001825824665,,2,1,[35]oxidation[M],4.865856078340514,0.5990601416942432,9,LEQFVSILMASIPLPDK,PNPH_HUMAN((271-288))((P00491)),P00491
804,LFQLMVEHTPDEESIDWTKnan,LFQLMVEHTPDEESIDWTK,LMAN2_HUMAN,4.310229562656942,4.050196953515377,3.991270958212321,,2.0,4.050196953515377,LFQLMVEHTPDEESIDWTK5|[35]oxidation[M],LMAN2_HUMAN,5.449750797081524,5.430717730140911,5.668370370354715,,2,1,[35]oxidation[M],5.449750797081524,0.5736611337403519,5,LFQLMVEHTPDEESIDWTK,LMAN2_HUMAN((273-292))((Q12907)),Q12907
807,LGEHNIDVLEGNEQFINAAKIITHPNFNGNTLDNDIMLIKnan,LGEHNIDVLEGNEQFINAAKIITHPNFNGNTLDNDIMLIK,TRYP_PIG,6.134962626230152,5.775499077578056,5.42377627513429,,2.0,5.775499077578056,LGEHNIDVLEGNEQFINAAKIITHPNFNGNTLDNDIMLIK37|[35]oxidation[M],TRYP_PIG,7.647620066726654,7.256383813282513,7.112414883199256,,2,1,[35]oxidation[M],7.256383813282513,0.5568177579597121,37,LGEHNIDVLEGNEQFINAAKIITHPNFNGNTLDNDIMLIK,TRYP_PIG((58-98))((P00761)),P00761
826,LGQSDPAPLQHQMDIYQKnan,LGQSDPAPLQHQMDIYQK,TKT_HUMAN,5.571190978961106,5.114574228689021,5.477810302553239,,2.0,5.477810302553239,LGQSDPAPLQHQMDIYQK13|[35]oxidation[M],TKT_HUMAN,6.554844552556906,6.450889832341325,6.7711867985082925,,2,1,[35]oxidation[M],6.554844552556906,0.5447546390623123,13,LGQSDPAPLQHQMDIYQK,TKT_HUMAN((187-205))((P29401)),P29401
834,LIGNMALLPIRnan,LIGNMALLPIR,ARPC3_HUMAN,4.198193551612892,3.7772725941735645,4.257002489671538,,2.0,4.198193551612892,LIGNMALLPIR5|[35]oxidation[M],ARPC3_HUMAN,6.150146212359298,5.943517111443658,6.389912776887696,,2,1,[35]oxidation[M],6.150146212359298,0.5943123585650976,5,LIGNMALLPIR,ARPC3_HUMAN((15-26))((O15145)),O15145
843,LIVALMKnan,LIVALMK,ANXA5_HUMAN__ANXA5_HUMAN|,5.464137607536174,5.425111846339966,5.290028644146919,,2.0,5.425111846339966,LIVALMK6|[35]oxidation[M],ANXA5_HUMAN__sp|ANXA5_HUMAN|,6.900659268821113,6.903271181271998,6.8607690956204115,,2,1,[35]oxidation[M],6.900659268821113,0.5598561910932363,6,LIVALMK,ANXA5_HUMAN((80-87))((P08758))||sp|ANXA5_HUMAN|((79-86))((sp|ANXA5_HUMAN|)),P08758||sp|ANXA5_HUMAN|
855,LKLEAELGNMQGLVEDFKnan,LKLEAELGNMQGLVEDFK,K2C8_HUMAN,4.519421744622169,3.8056153683883127,4.849043364938933,,2.0,4.519421744622169,LKLEAELGNMQGLVEDFK10|[35]oxidation[M],K2C8_HUMAN,5.354969577445464,3.3607386635276573,5.186928893787473,,2,1,[35]oxidation[M],5.186928893787473,0.5343850729296687,10,LKLEAELGNMQGLVEDFK,K2C8_HUMAN((159-177))((P05787)),P05787
861,LLLPDSLTTWEIHGVSLSKnan,LLLPDSLTTWEIHGVSLSK,ENSBTAP00000007350,5.223781907155407,4.3897569246512695,5.1723359850862085,,2.0,5.1723359850862085,LLLPDSLTTWEIHGVSLSK10|[351]Trp->Kynurenin[W],ENSBTAP00000007350,3.9709735682914995,3.720951181644871,3.6279599454360163,,2,1,[351]Trp->Kynurenin[W],3.720951181644871,0.41839998100641423,10,LLLPDSLTTWEIHGVSLSK,ENSBTAP00000007350((796-815))((ENSEMBL)),ENSEMBL
868,LLQDSVDFSLADAINTEFKNTRnan,LLQDSVDFSLADAINTEFKNTR,VIME_HUMAN,5.977644684432919,5.762976647031351,5.544291478512536,,2.0,5.762976647031351,LLQDSVDFSLADAINTEFKNTR19|[6]Carboxymethyl[K],VIME_HUMAN,5.276803762281706,5.2754649866228736,4.799484494174728,,2,1,[6]Carboxymethyl[K],5.2754649866228736,0.4779175504755063,19,LLQDSVDFSLADAINTEFKNTR,VIME_HUMAN((79-101))((P08670)),P08670
874,LMEDLDRNKnan,LMEDLDRNK,S10A6_HUMAN,6.041232864578318,5.040669527111577,5.867890762257709,,2.0,5.867890762257709,LMEDLDRNK2|[35]oxidation[M],S10A6_HUMAN,7.0344011330789815,6.5365288886812625,7.117910143655724,,2,1,[35]oxidation[M],7.0344011330789815,0.5452055487615688,2,LMEDLDRNK,S10A6_HUMAN((56-65))((P06703)),P06703
888,LSSLIILMPHHVEPLERnan,LSSLIILMPHHVEPLER,SERPH_HUMAN,4.727785493896965,4.364193367536562,4.982805390278618,,2.0,4.727785493896965,LSSLIILMPHHVEPLER8|[35]oxidation[M],SERPH_HUMAN,5.430871204193804,5.395978175125915,5.88791512707606,,2,1,[35]oxidation[M],5.430871204193804,0.5346052500439835,8,LSSLIILMPHHVEPLER,SERPH_HUMAN((264-281))((P50454)),P50454
893,LTAEEMDERnan,LTAEEMDER,IQGA1_HUMAN,4.813737838105466,4.833933429895604,4.48462799051223,,2.0,4.813737838105466,LTAEEMDER6|[35]oxidation[M],IQGA1_HUMAN,6.402290746362087,6.357908833101073,6.1429443604012395,,2,1,[35]oxidation[M],6.357908833101073,0.569111163306637,6,LTAEEMDER,IQGA1_HUMAN((26-35))((P46940)),P46940
898,LTDQVMQNPRnan,LTDQVMQNPR,NP1L4_HUMAN,4.556802507608172,4.003602081065068,3.8913643957514035,,2.0,4.003602081065068,LTDQVMQNPR6|[35]oxidation[M],NP1L4_HUMAN,6.096877361755734,6.055855278351378,5.9341603828240865,,2,1,[35]oxidation[M],6.055855278351378,0.6020061581833358,6,LTDQVMQNPR,NP1L4_HUMAN((27-37))((Q99733)),Q99733
904,LTGMAFRnan,LTGMAFR,;G3P_HUMAN,6.038658552438118,5.678591651705927,5.876244939367088,,2.0,5.876244939367088,LTGMAFR4|[35]oxidation[M],;G3P_HUMAN,7.591866651934012,7.503974589277936,7.67448526028295,,2,1,[35]oxidation[M],7.591866651934012,0.5636919920412237,4,LTGMAFR,G3PT_HUMAN((300-307))((O14556))||G3P_HUMAN((228-235))((P04406)),O14556||G3P_HUMAN
915,LVASMEEARnan,LVASMEEAR,PLEC_HUMAN,4.880239567488852,4.645392661545307,4.333211470172643,,2.0,4.645392661545307,LVASMEEAR5|[35]oxidation[M],PLEC_HUMAN,6.069145583943959,6.143932494896417,6.068162269957945,,2,1,[35]oxidation[M],6.069145583943959,0.566440237076854,5,LVASMEEAR,PLEC_HUMAN((2685-2694))((Q15149)),Q15149
918,LVDQALLTMDTYLGQFPDIKnan,LVDQALLTMDTYLGQFPDIK,BIN1_HUMAN,5.089763957782548,4.920969353575393,4.905938250957831,,2.0,4.920969353575393,LVDQALLTMDTYLGQFPDIK9|[35]oxidation[M],BIN1_HUMAN,5.588477357022329,5.4940577577072816,4.742473411454943,,2,1,[35]oxidation[M],5.4940577577072816,0.5275125738036273,9,LVDQALLTMDTYLGQFPDIK,BIN1_HUMAN((118-138))((O00499)),O00499
930,LVEPVTDFLLDMPYHIRnan,LVEPVTDFLLDMPYHIR,PGFRB_HUMAN,4.85679078043901,4.730338844720173,4.270824581104915,,2.0,4.730338844720173,LVEPVTDFLLDMPYHIR12|[35]oxidation[M],PGFRB_HUMAN,5.476559653290863,5.463748353935214,5.402335478102563,,2,1,[35]oxidation[M],5.463748353935214,0.53597229918299,12,LVEPVTDFLLDMPYHIR,PGFRB_HUMAN((257-274))((P09619)),P09619
934,MDIDAPDVDVHGPDWHLKnan,MDIDAPDVDVHGPDWHLK,AHNK_HUMAN,4.920989570442868,4.150319809787914,4.060535715125575,,2.0,4.150319809787914,MDIDAPDVDVHGPDWHLK1|[35]oxidation[M],AHNK_HUMAN,6.223288639569709,6.277275947357011,6.137031916561763,,2,1,[35]oxidation[M],6.223288639569709,0.5999155134831681,1,MDIDAPDVDVHGPDWHLK,AHNK_HUMAN((2030-2048))((Q09666)),Q09666
945,MDVNVGDIDIEGPEGKnan,MDVNVGDIDIEGPEGK,AHNK_HUMAN,4.455113534963596,3.99166814618796,3.44568961403531,,2.0,3.99166814618796,MDVNVGDIDIEGPEGK1|[35]oxidation[M],AHNK_HUMAN,5.7686744636936025,5.998801713166395,5.492417327364244,,2,1,[35]oxidation[M],5.7686744636936025,0.5910319641703237,1,MDVNVGDIDIEGPEGK,AHNK_HUMAN((1620-1636))((Q09666)),Q09666
954,MFVGGLSWDTSKnan,MFVGGLSWDTSK,ROAA_HUMAN,5.210490852990519,5.31800370258718,5.392537877063241,,2.0,5.31800370258718,MFVGGLSWDTSK1|[35]oxidation[M],ROAA_HUMAN,6.136831461428587,6.392759447991534,6.2884600626854645,,2,1,[35]oxidation[M],6.2884600626854645,0.5418067199331618,1,MFVGGLSWDTSK,ROAA_HUMAN((71-83))((Q99729)),Q99729
956,MGANNLERnan,MGANNLER,HNRPM_HUMAN,5.206285655216207,4.1939735952503066,4.185687797043631,,2.0,4.1939735952503066,MGANNLER1|[35]oxidation[M],HNRPM_HUMAN,6.555506914696125,6.459544745808098,6.6230899938451735,,2,1,[35]oxidation[M],6.555506914696125,0.6098440672207697,1,MGANNLER,HNRPM_HUMAN((558-566))((P52272)),P52272
961,MILIQDGSQNTNVDKnan,MILIQDGSQNTNVDK,FUBP2_HUMAN,4.868786646589826,4.441405757675144,4.1319640942128,,2.0,4.441405757675144,MILIQDGSQNTNVDK1|[35]oxidation[M],FUBP2_HUMAN,5.973042281917684,5.966628360665993,5.999832724235551,,2,1,[35]oxidation[M],5.973042281917684,0.5735342150836841,1,MILIQDGSQNTNVDK,FUBP2_HUMAN((267-282))((Q92945)),Q92945
971,MLLADQGQSWKEEVVTVETWQEGSLKnan,MLLADQGQSWKEEVVTVETWQEGSLK,;GSTP1_HUMAN,5.778392076565774,4.744821820807573,4.708944223916084,,2.0,4.744821820807573,MLLADQGQSWKEEVVTVETWQEGSLK1|[35]oxidation[M],;GSTP1_HUMAN,6.474282285911082,6.27510633989336,6.581119625370972,,2,1,[35]oxidation[M],6.474282285911082,0.5770765851110967,1,MLLADQGQSWKEEVVTVETWQEGSLK,GSTP1_HUMAN((20-46))((P09211))||sp|GSTP1_HUMAN|((19-45))((sp|GSTP1_HUMAN|)),P09211||sp|GSTP1_HUMAN|
986,MNLASEPQEVLHIGSAHNRnan,MNLASEPQEVLHIGSAHNR,PDLI1_HUMAN,5.874746457459453,5.701358246426206,4.907709628293799,,2.0,5.701358246426206,MNLASEPQEVLHIGSAHNR1|[35]oxidation[M],PDLI1_HUMAN,6.769849700634104,6.612413746407477,6.577617822471745,,2,1,[35]oxidation[M],6.612413746407477,0.5369933559152907,1,MNLASEPQEVLHIGSAHNR,PDLI1_HUMAN((104-123))((O00151)),O00151
992,MPFLSISSPKnan,MPFLSISSPK,AHNK_HUMAN,4.941168942027883,4.4168465440748985,4.398150999182299,,2.0,4.4168465440748985,MPFLSISSPK1|[35]oxidation[M],AHNK_HUMAN,6.449552611501902,6.314529210689261,,,2,1,[35]oxidation[M],6.382040911095581,0.5909905939467751,1,MPFLSISSPK,AHNK_HUMAN((3405-3415))((Q09666)),Q09666
997,MPILGLGTWKnan,MPILGLGTWK,ALDR_HUMAN,5.124205255647175,4.214237598036453,5.113967211374893,,2.0,5.113967211374893,MPILGLGTWK1|[35]oxidation[M],ALDR_HUMAN,6.261647154802549,6.048877003541353,6.642679129620642,,2,1,[35]oxidation[M],6.261647154802549,0.5504447455093061,1,MPILGLGTWK,ALDR_HUMAN((13-23))((P15121)),P15121
1000,MPSLEISAPKnan,MPSLEISAPK,AHNK_HUMAN,4.66983451120456,4.579643980638441,4.084634242634391,,2.0,4.579643980638441,MPSLEISAPK1|[35]oxidation[M],AHNK_HUMAN,6.006926223750096,6.046340683499386,5.706190816422306,,2,1,[35]oxidation[M],6.006926223750096,0.5674100400581102,1,MPSLEISAPK,AHNK_HUMAN((4906-4916))((Q09666)),Q09666
1004,MSLPDVDLDLKnan,MSLPDVDLDLK,AHNK_HUMAN,4.435100522313878,4.4608887527143555,4.073187091008585,,2.0,4.435100522313878,MSLPDVDLDLK1|[35]oxidation[M],AHNK_HUMAN,6.056869705603333,5.9707420275685665,5.904692992540986,,2,1,[35]oxidation[M],5.9707420275685665,0.5737874659304757,1,MSLPDVDLDLK,AHNK_HUMAN((1067-1078))((Q09666)),Q09666
1012,NALESYAFNMKnan,NALESYAFNMK,;HS71A_HUMAN,5.490221234386795,5.1577465679296886,5.009512953252673,,2.0,5.1577465679296886,NALESYAFNMK10|[35]oxidation[M],;HS71A_HUMAN,6.762291581720475,6.7881748224197995,6.895629866688138,,2,1,[35]oxidation[M],6.7881748224197995,0.5682420468548894,10,NALESYAFNMK,HS71A_HUMAN((540-551))((P0DMV8))||HS71L_HUMAN((542-553))((P34931)),P0DMV8||HS71L_HUMAN
1022,NHVQPYIPSILEALMVPTSQGFTEVRnan,NHVQPYIPSILEALMVPTSQGFTEVR,NIBA2_HUMAN,3.337264030501814,4.211226078005282,4.1005950580365464,,2.0,4.1005950580365464,NHVQPYIPSILEALMVPTSQGFTEVR15|[35]oxidation[M],NIBA2_HUMAN,5.760467475351061,5.822889720943245,5.817160878027293,,2,1,[35]oxidation[M],5.817160878027293,0.5865400313869802,15,NHVQPYIPSILEALMVPTSQGFTEVR,NIBA2_HUMAN((337-363))((Q96TA1)),Q96TA1
1028,NLVTEDVMRnan,NLVTEDVMR,G6PI_HUMAN,5.408752232154071,4.82403327418081,5.45154849205038,,2.0,5.408752232154071,NLVTEDVMR8|[35]oxidation[M],G6PI_HUMAN,6.723146208122201,6.843850199393078,7.046472682581419,,2,1,[35]oxidation[M],6.843850199393078,0.558562985914895,8,NLVTEDVMR,G6PI_HUMAN((58-67))((P06744)),P06744
1037,NPHVALYALEVMESVVKnan,NPHVALYALEVMESVVK,HGS_HUMAN,5.083174806715893,5.3324504179384675,4.927051015353523,,2.0,5.083174806715893,NPHVALYALEVMESVVK12|[35]oxidation[M],HGS_HUMAN,4.995511173456428,5.145528048339985,5.04246954469096,,2,1,[35]oxidation[M],5.04246954469096,0.4979899915199334,12,NPHVALYALEVMESVVK,HGS_HUMAN((57-74))((O14964)),O14964
1043,NRELAILLGMLDPAEKnan,NRELAILLGMLDPAEK,PRDX6_HUMAN,4.697919426212906,5.0947408692857685,4.6601454135891505,,2.0,4.697919426212906,NRELAILLGMLDPAEK10|[35]oxidation[M],PRDX6_HUMAN,4.543610670067598,4.126734714226438,5.184159000960013,,2,1,[35]oxidation[M],4.543610670067598,0.4916513415777647,10,NRELAILLGMLDPAEK,PRDX6_HUMAN((107-123))((P30041)),P30041
1054,NVHLQDEDYEIMQFAIQQSLLESSRnan,NVHLQDEDYEIMQFAIQQSLLESSR,AN13A_HUMAN,5.067088648611589,4.90516872188408,4.705008623130145,,2.0,4.90516872188408,NVHLQDEDYEIMQFAIQQSLLESSR12|[35]oxidation[M],AN13A_HUMAN,3.771155181978849,4.138598723793072,4.364764111767466,,2,1,[35]oxidation[M],4.138598723793072,0.45761887937214585,12,NVHLQDEDYEIMQFAIQQSLLESSR,AN13A_HUMAN((477-502))((Q8IZ07)),Q8IZ07
1059,PMQFLGDEETVRKnan,PMQFLGDEETVRK,PGAM1_HUMAN,5.159503187576955,5.1703431829546584,4.879340644599708,,2.0,5.159503187576955,PMQFLGDEETVRK2|[35]oxidation[M],;PGAM1_HUMAN,6.565234627284404,6.330905006722521,6.548188946607044,,2,1,[35]oxidation[M],6.548188946607044,0.559306554319763,2,PMQFLGDEETVRK,PGAM1_HUMAN((229-242))((P18669))||PGAM2_HUMAN((229-242))((P15259)),P18669||PGAM2_HUMAN
1067,QDLPNAMNAAEITDKnan,QDLPNAMNAAEITDK,ARF1_HUMAN,4.43164328584683,4.1226584342659915,4.6836494478947115,,2.0,4.43164328584683,QDLPNAMNAAEITDK7|[35]oxidation[M],;ARF1_HUMAN,5.346806161516828,5.452343342069632,5.8053060554419655,,2,1,[35]oxidation[M],5.452343342069632,0.5516340265647428,7,QDLPNAMNAAEITDK,ARF3_HUMAN((128-143))((P61204))||ARF1_HUMAN((128-143))((P84077)),P61204||ARF1_HUMAN
1072,QFMAETQFTSGEKnan,QFMAETQFTSGEK,CAPR1_HUMAN,4.159476478216468,4.02438016334664,3.438901592055708,,2.0,4.02438016334664,QFMAETQFTSGEK3|[35]oxidation[M],CAPR1_HUMAN,6.1216735734615355,6.16866272437504,5.771281476272047,,2,1,[35]oxidation[M],6.1216735734615355,0.6033551302072385,3,QFMAETQFTSGEK,CAPR1_HUMAN((298-311))((Q14444)),Q14444
1078,QLQDELEMLVERnan,QLQDELEMLVER,PSMD2_HUMAN,3.696810043601018,3.351204219649385,3.019796631414372,,2.0,3.351204219649385,QLQDELEMLVER8|[35]oxidation[M],PSMD2_HUMAN,5.140035403851127,5.409854709455368,5.3833498267403534,,2,1,[35]oxidation[M],5.3833498267403534,0.6163279542549122,8,QLQDELEMLVER,PSMD2_HUMAN((51-63))((Q13200)),Q13200
1081,QLVARPDVVEMHDVTAQDPKnan,QLVARPDVVEMHDVTAQDPK,SF3B2_HUMAN,4.1431886207586075,3.656529060516486,3.7994374681050767,,2.0,3.7994374681050767,QLVARPDVVEMHDVTAQDPK11|[35]oxidation[M],SF3B2_HUMAN,5.794231599240475,5.630111771224722,5.598304091665752,,2,1,[35]oxidation[M],5.630111771224722,0.5970711460673045,11,QLVARPDVVEMHDVTAQDPK,SF3B2_HUMAN((467-487))((Q13435)),Q13435
1087,QMVIDVLHPGKnan,QMVIDVLHPGK,RS24_HUMAN,3.5467128386737388,2.9573720610999796,3.9279808281021995,,2.0,3.5467128386737388,QMVIDVLHPGK2|[35]oxidation[M],RS24_HUMAN,5.658956512409607,5.418683395467793,6.0638448954162785,,2,1,[35]oxidation[M],5.658956512409607,0.6147251543141343,2,QMVIDVLHPGK,RS24_HUMAN((22-33))((P62847)),P62847
1100,QYYTLLNQAPDMLHRnan,QYYTLLNQAPDMLHR,G3BP1_HUMAN,4.684348644210033,4.27350144578078,4.379438460885593,,2.0,4.379438460885593,QYYTLLNQAPDMLHR12|[35]oxidation[M],G3BP1_HUMAN,6.394433741472093,6.468489089015508,6.612517233644273,,2,1,[35]oxidation[M],6.468489089015508,0.5962880060970245,12,QYYTLLNQAPDMLHR,G3BP1_HUMAN((18-33))((Q13283)),Q13283
1107,RALEQQVEEMKnan,RALEQQVEEMK,MYH9_HUMAN,5.192776131365272,4.347050358234751,4.802120419031817,,2.0,4.802120419031817,RALEQQVEEMK10|[35]oxidation[M],MYH9_HUMAN,6.351431751359698,6.009996876863933,5.905789754199667,,2,1,[35]oxidation[M],6.009996876863933,0.5558575357987756,10,RALEQQVEEMK,MYH9_HUMAN((1528-1539))((P35579)),P35579
1120,RFDDAVVQSDMKnan,RFDDAVVQSDMK,HSP7C_HUMAN,4.928808015841092,4.310356348227091,4.133067831024923,,2.0,4.310356348227091,RFDDAVVQSDMK11|[35]oxidation[M],HSP7C_HUMAN,6.60166969945832,6.588023695159897,6.667172284010514,,2,1,[35]oxidation[M],6.60166969945832,0.6049902805041987,11,RFDDAVVQSDMK,HSP7C_HUMAN((77-89))((P11142)),P11142
1135,RLEEASLLHQFQADADDIDAWMLDILKnan,RLEEASLLHQFQADADDIDAWMLDILK,SPTB2_HUMAN,4.983359218012153,3.6962946852523437,2.77823487942627,,2.0,3.6962946852523437,RLEEASLLHQFQADADDIDAWMLDILK22|[35]oxidation[M],SPTB2_HUMAN,6.019038195446226,5.717633888874213,5.998166813339136,,2,1,[35]oxidation[M],5.998166813339136,0.6187209897332221,22,RLEEASLLHQFQADADDIDAWMLDILK,SPTB2_HUMAN((739-766))((Q01082)),Q01082
1145,RLLEDGEDFNLGDALDSSNSMQTIQKnan,RLLEDGEDFNLGDALDSSNSMQTIQK,K1C18_HUMAN,4.756368371493813,4.11740977386732,4.5639901351258825,,2.0,4.5639901351258825,RLLEDGEDFNLGDALDSSNSMQTIQK21|[35]oxidation[M],K1C18_HUMAN,6.173970503656404,5.887339205417258,6.291787731713262,,2,1,[35]oxidation[M],6.173970503656404,0.5749667661620846,21,RLLEDGEDFNLGDALDSSNSMQTIQK,K1C18_HUMAN((382-408))((P05783)),P05783
1153,RPDLLTMVVDYRnan,RPDLLTMVVDYR,PEA15_HUMAN,5.274172424567299,3.9531345627077297,4.32511422714769,,2.0,4.32511422714769,RPDLLTMVVDYR7|[35]oxidation[M],PEA15_HUMAN,6.420453986131545,6.347121425628162,6.251323867245089,,2,1,[35]oxidation[M],6.347121425628162,0.5947321284999243,7,RPDLLTMVVDYR,PEA15_HUMAN((72-84))((Q15121)),Q15121
1166,SDIGEVILVGGMTRnan,SDIGEVILVGGMTR,GRP75_HUMAN,5.247510967521709,4.860354629453576,4.665844882062024,,2.0,4.860354629453576,SDIGEVILVGGMTR12|[35]oxidation[M],GRP75_HUMAN,6.326044824323432,6.353870763151708,6.191537025657643,,2,1,[35]oxidation[M],6.326044824323432,0.565512151650144,12,SDIGEVILVGGMTR,GRP75_HUMAN((378-392))((P38646)),P38646
1178,SDLEAQMESLKnan,SDLEAQMESLK,KT33B_HUMAN,6.047522840061638,6.076626985973072,5.575069533176838,,2.0,6.047522840061638,SDLEAQMESLK7|[35]oxidation[M],KT33B_HUMAN,6.612914296493605,6.829983449610344,6.63965603447618,,2,1,[35]oxidation[M],6.63965603447618,0.523335888942297,7,SDLEAQMESLK,KT33B_HUMAN((174-185))((Q14525)),Q14525
1183,SEMLEIVQAIYKnan,SEMLEIVQAIYK,HPCL1_HUMAN,4.666407186371824,4.669527624601124,3.5219810024611315,,2.0,4.666407186371824,SEMLEIVQAIYK3|[35]oxidation[M],HPCL1_HUMAN,5.770969609628974,5.536242542401228,5.150272005570989,,2,1,[35]oxidation[M],5.536242542401228,0.5426279142748738,3,SEMLEIVQAIYK,HPCL1_HUMAN((119-131))((P37235)),P37235
1191,SGSMDPSGAHPSVRnan,SGSMDPSGAHPSVR,KHDR1_HUMAN,4.951252441303048,4.710596975133765,4.388653898062314,,2.0,4.710596975133765,SGSMDPSGAHPSVR4|[35]oxidation[M],KHDR1_HUMAN,6.521894962002175,6.336435197338475,6.481725382616739,,2,1,[35]oxidation[M],6.481725382616739,0.5791224712294181,4,SGSMDPSGAHPSVR,KHDR1_HUMAN((18-32))((Q07666)),Q07666
1202,SINPLGGFVHYGEVTNDFVMLKnan,SINPLGGFVHYGEVTNDFVMLK,RL3_HUMAN,4.555652188543966,3.923021739321536,5.227943066300779,,2.0,4.555652188543966,SINPLGGFVHYGEVTNDFVMLK20|[35]oxidation[M],RL3_HUMAN,6.481487835445671,6.1375009565343435,6.890512728549417,,2,1,[35]oxidation[M],6.481487835445671,0.5872434182549026,20,SINPLGGFVHYGEVTNDFVMLK,RL3_HUMAN((313-335))((P39023)),P39023
1210,SMAVAARnan,SMAVAAR,MYH9_HUMAN,6.227256328018311,5.718959652478993,5.564890613510362,,2.0,5.718959652478993,SMAVAAR2|[35]oxidation[M],MYH9_HUMAN,7.447431187362911,5.2620238892306945,4.956660897377421,,2,1,[35]oxidation[M],5.2620238892306945,0.4791942242007424,2,SMAVAAR,MYH9_HUMAN((1606-1613))((P35579)),P35579
1236,SNDPVATAFAEMLKnan,SNDPVATAFAEMLK,TMOD3_HUMAN,5.3718700958110075,4.670895591514357,4.544315423778009,,2.0,4.670895591514357,SNDPVATAFAEMLK12|[35]oxidation[M],TMOD3_HUMAN,5.713105041120718,5.516928451118393,5.629155404323686,,2,1,[35]oxidation[M],5.629155404323686,0.5465172363319626,12,SNDPVATAFAEMLK,TMOD3_HUMAN((239-253))((Q9NYL9)),Q9NYL9
1245,SNPEIQDFMRnan,SNPEIQDFMR,HEXA_HUMAN,4.379730932178101,3.6205768417841617,4.347044374876244,,2.0,4.347044374876244,SNPEIQDFMR9|[35]oxidation[M],HEXA_HUMAN,5.335103033170319,5.197558409693151,5.472380236737392,,2,1,[35]oxidation[M],5.335103033170319,0.5510247684038009,9,SNPEIQDFMR,HEXA_HUMAN((331-341))((P06865)),P06865
1249,SRAEAESMYQIKnan,SRAEAESMYQIK,K2C8_HUMAN,5.147118935851297,4.587597829584769,4.498145452835531,,2.0,4.587597829584769,SRAEAESMYQIK8|[35]oxidation[M],K2C8_HUMAN,6.536352988517587,6.468145896542941,6.48135617419859,,2,1,[35]oxidation[M],6.48135617419859,0.5855436902152876,8,SRAEAESMYQIK,K2C8_HUMAN((274-286))((P05787)),P05787
1259,SREEAAAGTIPGALNIPVSELESALQMEPAAFQALYSAEKnan,SREEAAAGTIPGALNIPVSELESALQMEPAAFQALYSAEK,TSTD1_HUMAN,4.847556860887331,4.6247411554175795,3.7143680451847647,,2.0,4.6247411554175795,SREEAAAGTIPGALNIPVSELESALQMEPAAFQALYSAEK27|[35]oxidation[M],TSTD1_HUMAN,5.393932885398303,4.898470288476954,4.631451433965684,,2,1,[35]oxidation[M],4.898470288476954,0.5143716820041241,27,SREEAAAGTIPGALNIPVSELESALQMEPAAFQALYSAEK,TSTD1_HUMAN((28-68))((Q8NFU3)),Q8NFU3
1269,SRLGDLYEEEMRnan,SRLGDLYEEEMR,VIME_HUMAN,5.559594908213574,4.321172431362908,5.38357791793815,,2.0,5.38357791793815,SRLGDLYEEEMR11|[35]oxidation[M],VIME_HUMAN,6.37384440741199,6.061905086878427,6.512967392582815,,2,1,[35]oxidation[M],6.37384440741199,0.5421123976868096,11,SRLGDLYEEEMR,VIME_HUMAN((144-156))((P08670)),P08670
1291,SSTPEEVKKnan,SSTPEEVKK,COF1_HUMAN,6.690833348329197,6.797309097845288,6.898702844258865,,2.0,6.797309097845288,SSTPEEVKK8|[6]Carboxymethyl[K],COF1_HUMAN,5.217747312337204,5.372062044919089,5.38559164908108,,2,1,[6]Carboxymethyl[K],5.372062044919089,0.4414412200841776,8,SSTPEEVKK,COF1_HUMAN((23-32))((P23528)),P23528
1299,SWTAADMAAQITKnan,SWTAADMAAQITK,HLAA_HUMAN,4.648512554781615,4.895894614622374,3.848711965301806,,2.0,4.648512554781615,SWTAADMAAQITK7|[35]oxidation[M],HLAA_HUMAN,5.771040830829428,5.747891903120686,5.778691414322905,,2,1,[35]oxidation[M],5.771040830829428,0.5538664295150105,7,SWTAADMAAQITK,HLAH_HUMAN((156-169))((P01893))||HLAA_HUMAN((156-169))((P04439)),P01893||HLAA_HUMAN
1309,TDAAVEMKnan,TDAAVEMK,DREB_HUMAN,4.746048535933605,4.51123999710346,4.189552904639834,,2.0,4.51123999710346,TDAAVEMK7|[35]oxidation[M],DREB_HUMAN,6.112398812127198,6.366846198614978,6.306382096896439,,2,1,[35]oxidation[M],6.306382096896439,0.5829730454712719,7,TDAAVEMK,DREB_HUMAN((166-174))((Q16643)),Q16643
1315,TFEMSDFIVDTRnan,TFEMSDFIVDTR,FLNB_HUMAN,5.778558955676929,5.550937624258625,5.412434886815039,,2.0,5.550937624258625,TFEMSDFIVDTR4|[35]oxidation[M],FLNB_HUMAN,6.547900654424691,6.577418625739327,6.409195317626241,,2,1,[35]oxidation[M],6.547900654424691,0.5412007751158471,4,TFEMSDFIVDTR,FLNB_HUMAN((2017-2029))((O75369)),O75369
1328,TGQPMIHIYLDKnan,TGQPMIHIYLDK,EWS_HUMAN,4.764326632995804,4.175484964113281,4.060062577871934,,2.0,4.175484964113281,TGQPMIHIYLDK5|[35]oxidation[M],EWS_HUMAN,5.938635138440986,5.9405622655660535,5.8047589793278105,,2,1,[35]oxidation[M],5.938635138440986,0.5871628058817707,5,TGQPMIHIYLDK,EWS_HUMAN((393-405))((Q01844)),Q01844
1338,TIDAHGLMVLPGGVDVHTRnan,TIDAHGLMVLPGGVDVHTR,DPYL4_HUMAN,3.06297881917113,3.258975351448812,3.0307138885891947,,2.0,3.06297881917113,TIDAHGLMVLPGGVDVHTR8|[35]oxidation[M],DPYL4_HUMAN,4.691974056830279,4.957162862082956,4.85964218494731,,2,1,[35]oxidation[M],4.85964218494731,0.6133881934300666,8,TIDAHGLMVLPGGVDVHTR,DPYL4_HUMAN((57-76))((O14531)),O14531
1341,TLMALGSLAVTKnan,TLMALGSLAVTK,TAGL_HUMAN,4.709905004437842,4.6858902171354355,4.378877494379975,,2.0,4.6858902171354355,TLMALGSLAVTK3|[35]oxidation[M],TAGL_HUMAN,6.25340831976024,6.286410608235927,6.144896502632876,,2,1,[35]oxidation[M],6.25340831976024,0.5716461890740954,3,TLMALGSLAVTK,TAGL_HUMAN((129-141))((Q01995)),Q01995
1359,TLSHPQQMALLDQTKnan,TLSHPQQMALLDQTK,TLN1_HUMAN,5.34396515087278,4.998519399898033,4.808481678441164,,2.0,4.998519399898033,TLSHPQQMALLDQTK8|[35]oxidation[M],TLN1_HUMAN,5.8123798781561895,5.607517673215961,5.7673205514921,,2,1,[35]oxidation[M],5.7673205514921,0.535705581499695,8,TLSHPQQMALLDQTK,TLN1_HUMAN((1752-1767))((Q9Y490)),Q9Y490
1367,TLVSTVGSMVFNEGEAQRnan,TLVSTVGSMVFNEGEAQR,RRBP1_HUMAN,3.029311052240126,2.7752381741520415,2.6246134067871316,,2.0,2.7752381741520415,TLVSTVGSMVFNEGEAQR9|[35]oxidation[M],RRBP1_HUMAN,4.736568305311204,4.776286865512021,5.0216307748214835,,2,1,[35]oxidation[M],4.776286865512021,0.6324930183538794,9,TLVSTVGSMVFNEGEAQR,RRBP1_HUMAN((652-670))((Q9P2E9)),Q9P2E9
1380,TMLELLNQLDGFDSRnan,TMLELLNQLDGFDSR,PRS4_HUMAN,5.2616701976835305,4.982570612090832,4.96645968141845,,2.0,4.982570612090832,TMLELLNQLDGFDSR2|[35]oxidation[M],PRS4_HUMAN,5.420262657087147,5.63258849289797,5.514716006290858,,2,1,[35]oxidation[M],5.514716006290858,0.5253468069199992,2,TMLELLNQLDGFDSR,PRS4_HUMAN((308-323))((P62191)),P62191
1390,TSSSIPPIILLQFLHMAFPQFAEKnan,TSSSIPPIILLQFLHMAFPQFAEK,UBP14_HUMAN,3.656951865816363,3.5924404615743932,3.5986676541360745,,2.0,3.5986676541360745,TSSSIPPIILLQFLHMAFPQFAEK16|[35]oxidation[M],UBP14_HUMAN,4.994278573264105,4.9669284538938365,4.8905784295702075,,2,1,[35]oxidation[M],4.9669284538938365,0.579869560886432,16,TSSSIPPIILLQFLHMAFPQFAEK,UBP14_HUMAN((166-190))((P54578)),P54578
1393,TVSLGAGAKDELHIVEAEAMNYEGSPIKnan,TVSLGAGAKDELHIVEAEAMNYEGSPIK,NPM_HUMAN,3.2567434884127167,2.7676335731805093,3.723569627026546,,2.0,3.2567434884127167,TVSLGAGAKDELHIVEAEAMNYEGSPIK20|[35]oxidation[M],NPM_HUMAN,6.1787933617449085,5.2285927681317155,5.960872272568638,,2,1,[35]oxidation[M],5.960872272568638,0.6466826592839028,20,TVSLGAGAKDELHIVEAEAMNYEGSPIK,NPM_HUMAN((46-74))((P06748)),P06748
1400,VAYTEADYYHTELWMEQALRnan,VAYTEADYYHTELWMEQALR,P4HA1_HUMAN,4.553787910226395,4.475057948504509,4.3697978124901455,,2.0,4.475057948504509,VAYTEADYYHTELWMEQALR15|[35]oxidation[M],P4HA1_HUMAN,5.593028786502132,5.49823502848966,5.627138485185316,,2,1,[35]oxidation[M],5.593028786502132,0.5555205208011592,15,VAYTEADYYHTELWMEQALR,P4HA1_HUMAN((173-193))((P13674)),P13674
1405,VDIDAPDVEVHDPDWHLKnan,VDIDAPDVEVHDPDWHLK,AHNK_HUMAN,6.603073682859147,6.214482395291639,6.27727910550955,,2.0,6.27727910550955,VDIDAPDVEVHDPDWHLK6|[1922]Pro->HAVA[P],AHNK_HUMAN,2.92422836036966,,3.804315237153813,,2,1,[1922]Pro->HAVA[P],3.3642717987617363,0.3489347131146024,6,VDIDAPDVEVHDPDWHLK,AHNK_HUMAN((1694-1712))((Q09666)),Q09666
1410,VEFMDDTSRnan,VEFMDDTSR,RS28_HUMAN,5.875943641051534,5.71977102126031,5.515504784393799,,2.0,5.71977102126031,VEFMDDTSR4|[35]oxidation[M],RS28_HUMAN,6.883025588913597,6.947263739498875,6.929254850900686,,2,1,[35]oxidation[M],6.929254850900686,0.547809366581434,4,VEFMDDTSR,RS28_HUMAN((32-41))((P62857)),P62857
1426,VELDNMPLRnan,VELDNMPLR,NONO_HUMAN,3.924882290102042,4.189924990046682,3.9163338278758877,,2.0,3.924882290102042,VELDNMPLR6|[35]oxidation[M],NONO_HUMAN,5.211699789317232,5.298929586720828,5.459826922401698,,2,1,[35]oxidation[M],5.298929586720828,0.5744837012597482,6,VELDNMPLR,NONO_HUMAN((127-136))((Q15233)),Q15233
1428,VFELMTSLHTKnan,VFELMTSLHTK,PSME1_HUMAN,5.003375843526818,4.670419515029891,4.492100193869693,,2.0,4.670419515029891,VFELMTSLHTK5|[35]oxidation[M],PSME1_HUMAN,6.102661330010423,6.017703795949612,5.959364654873723,,2,1,[35]oxidation[M],6.017703795949612,0.5630271677131432,5,VFELMTSLHTK,PSME1_HUMAN((156-167))((Q06323)),Q06323
1445,VGNVEYFGLGNSPGFPLQYYPYYGKnan,VGNVEYFGLGNSPGFPLQYYPYYGK,AT1B1_HUMAN,5.624396219569914,6.210054329733105,6.0513496209851185,,2.0,6.0513496209851185,VGNVEYFGLGNSPGFPLQYYPYYGK16|[1922]Pro->HAVA[P],AT1B1_HUMAN,3.7976295058396805,4.340068471793084,5.015900422959396,,2,1,[1922]Pro->HAVA[P],4.340068471793084,0.41765892133714955,16,VGNVEYFGLGNSPGFPLQYYPYYGK,AT1B1_HUMAN((224-249))((P05026)),P05026
1451,VIESTQDLGNDLAGVMALQRnan,VIESTQDLGNDLAGVMALQR,SPTB2_HUMAN,4.269924599000741,4.455026270750262,3.6915133151903277,,2.0,4.269924599000741,VIESTQDLGNDLAGVMALQR16|[35]oxidation[M],SPTB2_HUMAN,5.643416205696723,5.970991439617351,5.888687864741012,,2,1,[35]oxidation[M],5.888687864741012,0.5796744275617355,16,VIESTQDLGNDLAGVMALQR,SPTB2_HUMAN((977-997))((Q01082)),Q01082
1464,VLAVNQENEHLMEDYEKnan,VLAVNQENEHLMEDYEK,ACTN4_HUMAN,6.122158542715715,5.716293750546969,5.96863850526859,,2.0,5.96863850526859,VLAVNQENEHLMEDYEK12|[35]oxidation[M],ACTN4_HUMAN,6.961457060919083,6.968053202071623,6.888123373073338,,2,1,[35]oxidation[M],6.961457060919083,0.5383917717610194,12,VLAVNQENEHLMEDYEK,ACTN4_HUMAN((284-301))((O43707)),O43707
1488,VLEGMEVVRnan,VLEGMEVVR,PPIB_HUMAN,5.834197582845762,5.745839233415522,5.691270980751676,,2.0,5.745839233415522,VLEGMEVVR5|[35]oxidation[M],PPIB_HUMAN,6.594573130608568,6.613012790027295,6.5849483195830985,,2,1,[35]oxidation[M],6.594573130608568,0.5343883928736188,5,VLEGMEVVR,PPIB_HUMAN((172-181))((P23284)),P23284
1503,VLGMDPLPSKnan,VLGMDPLPSK,ILF3_HUMAN,4.217848091907755,4.0283637715858145,3.9661978000352787,,2.0,4.0283637715858145,VLGMDPLPSK4|[35]oxidation[M],ILF3_HUMAN,5.988249310169886,6.000204062171635,6.074448805986687,,2,1,[35]oxidation[M],6.000204062171635,0.598311160839355,4,VLGMDPLPSK,ILF3_HUMAN((333-343))((Q12906)),Q12906
1509,VLGMTLIQKnan,VLGMTLIQK,LGUL_HUMAN,5.192294499916592,4.705154529096863,4.744236122772879,,2.0,4.744236122772879,VLGMTLIQK4|[35]oxidation[M],LGUL_HUMAN,6.184087757915067,6.157279770171969,5.882554930683893,,2,1,[35]oxidation[M],6.157279770171969,0.5648095027001507,4,VLGMTLIQK,LGUL_HUMAN((52-61))((Q04760)),Q04760
1517,VLVDMSRnan,VLVDMSR,TCPB_HUMAN,4.581595192567321,4.379987903480106,4.167598598859136,,2.0,4.379987903480106,VLVDMSR5|[35]oxidation[M],TCPB_HUMAN,5.999573042118558,5.961069319112165,6.110181663371222,,2,1,[35]oxidation[M],5.999573042118558,0.5780179984070145,5,VLVDMSR,TCPB_HUMAN((83-90))((P78371)),P78371
1524,VMQEQGTHPKnan,VMQEQGTHPK,MYH9_HUMAN,2.654917732187322,4.885128848841819,4.676964519611188,,2.0,4.676964519611188,VMQEQGTHPK2|[35]oxidation[M],MYH9_HUMAN,6.773567858282835,6.78177535996776,7.282004233980611,,2,1,[35]oxidation[M],6.78177535996776,0.5918430325880613,2,VMQEQGTHPK,MYH9_HUMAN((546-556))((P35579)),P35579
1540,VNFAMNVGKnan,VNFAMNVGK,KPYM_HUMAN,5.125901733921571,5.075557209652456,5.047411297613509,,2.0,5.075557209652456,VNFAMNVGK5|[35]oxidation[M],KPYM_HUMAN,6.514659821340763,6.525766685692872,6.57547975645627,,2,1,[35]oxidation[M],6.525766685692872,0.5625018958664825,5,VNFAMNVGK,KPYM_HUMAN((490-499))((P14618)),P14618
1548,VPSTEAEALASSLMGLFEKnan,VPSTEAEALASSLMGLFEK,GDIB_HUMAN,3.4000818340127874,3.0022226083159844,4.175153581108033,,2.0,3.4000818340127874,VPSTEAEALASSLMGLFEK14|[35]oxidation[M],GDIB_HUMAN,4.573560794249053,4.549995509066204,5.297466298169745,,2,1,[35]oxidation[M],4.573560794249053,0.5735848729962499,14,VPSTEAEALASSLMGLFEK,GDIB_HUMAN((119-138))((P50395)),P50395
1551,VQHQDALQISDVVMASLLRnan,VQHQDALQISDVVMASLLR,IMB1_HUMAN,4.818393046045921,4.2680525377191545,4.337635666180116,,2.0,4.337635666180116,VQHQDALQISDVVMASLLR14|[35]oxidation[M],IMB1_HUMAN,4.5110524119808,4.602045767844377,4.5981596953212005,,2,1,[35]oxidation[M],4.5981596953212005,0.514577551219644,14,VQHQDALQISDVVMASLLR,IMB1_HUMAN((595-614))((Q14974)),Q14974
1557,VSSIDLEIDSLSSLLDDMTKnan,VSSIDLEIDSLSSLLDDMTK,ZYX_HUMAN,4.74099390798658,4.550996889726353,3.4412686052886796,,2.0,4.550996889726353,VSSIDLEIDSLSSLLDDMTK18|[35]oxidation[M],ZYX_HUMAN,5.30865657090706,6.191021470936858,5.588976723575517,,2,1,[35]oxidation[M],5.588976723575517,0.5511825707557817,18,VSSIDLEIDSLSSLLDDMTK,ZYX_HUMAN((141-161))((Q15942)),Q15942
1567,VTYTPMAPGSYLISIKnan,VTYTPMAPGSYLISIK,FLNA_HUMAN,4.723911780033151,4.631478811059995,4.523134814276181,,2.0,4.631478811059995,VTYTPMAPGSYLISIK6|[35]oxidation[M],FLNA_HUMAN,6.529244508350007,6.656960830917825,6.820412024354648,,2,1,[35]oxidation[M],6.656960830917825,0.5897148801826321,6,VTYTPMAPGSYLISIK,FLNA_HUMAN((2485-2501))((P21333)),P21333
1582,WHEEVEIYRnan,WHEEVEIYR,P15497,5.1871911959051555,5.334311112694822,4.916465295472182,,2.0,5.1871911959051555,WHEEVEIYR1|[351]Trp->Kynurenin[W],sp|P15497,5.309025801780386,5.229073713020796,4.97759206221133,,2,1,[351]Trp->Kynurenin[W],5.229073713020796,0.5020104383616314,1,WHEEVEIYR,sp|P15497((131-140))((sp|P15497)),sp|P15497
1589,WMEEQAQSLIDKnan,WMEEQAQSLIDK,RU1C_HUMAN,4.945817406002531,4.819638428640502,4.4337981671826725,,2.0,4.819638428640502,WMEEQAQSLIDK2|[35]oxidation[M],RU1C_HUMAN,6.419651587664939,6.3608657620790225,6.197668269236538,,2,1,[35]oxidation[M],6.3608657620790225,0.5689247688274125,2,WMEEQAQSLIDK,RU1C_HUMAN((41-53))((P09234)),P09234
1600,YGIVDYMIEQSGPPSKnan,YGIVDYMIEQSGPPSK,PDIA4_HUMAN,4.128573981938599,4.036515528527814,4.114797728933207,,2.0,4.114797728933207,YGIVDYMIEQSGPPSK7|[35]oxidation[M],PDIA4_HUMAN,5.436595124390026,5.249507483960935,5.460905681582832,,2,1,[35]oxidation[M],5.436595124390026,0.5691939602817679,7,YGIVDYMIEQSGPPSK,PDIA4_HUMAN((273-289))((P13667)),P13667
