,PC1,PC2,Unnamed: 0,Project
0,-10.366379340195515,-3.084472762826128,Intensity_QX01983,PXD014381
1,-10.364922768552875,-3.1259955828776587,Intensity_QX01981_160316090220,PXD014381
2,-10.318119107526233,-2.941216519019698,Intensity_QX01867,PXD014381
3,-10.26582683972323,-3.0120193516949243,Intensity_QX01870,PXD014381
4,-10.163331547575138,-3.1217066322823093,Intensity_QX01873,PXD014381
5,-10.387185313018508,-3.101718278790739,Intensity_QX01862,PXD014381
6,-10.438896832230489,-3.0561736049317454,Intensity_QX01865,PXD014381
7,-10.459212178871766,-3.055463477842879,Intensity_QX01868,PXD014381
8,-10.270803805721679,-3.224984524108271,Intensity_QX01984,PXD014381
9,-10.227378958788048,-3.14934796353929,Intensity_QX01874,PXD014381
10,-10.13254140726506,-2.9779614579185605,Intensity_QX01860,PXD014381
11,-10.447707710137804,-2.9562670362902264,Intensity_QX01863,PXD014381
12,-10.203618907359806,-2.8576245596037646,Intensity_QX01866,PXD014381
13,-10.453686003684533,-2.983855368861449,Intensity_QX01869,PXD014381
14,-10.132608752502778,-3.0436593032697936,Intensity_QX01872,PXD014381
15,-10.741810968151313,-1.7293760951781598,Intensity_111017-MCF10A-RFP-gal-to-gal-wcl-D1-07,PXD015122
16,-10.754550626891712,-2.418972551739142,Intensity_111017-MCF10A-RFP-gal-to-gal-wcl-D2-19,PXD015122
17,-10.623905739718378,-1.9925921305595844,Intensity_111717-MCF10A-RFP-gal-to-gal-wcl-JS-30ACN-D1-07,PXD015122
18,-10.608490155594282,-1.6751822666349392,Intensity_111717-MCF10A-RFP-gal-to-gal-wcl-JS-30ACN-D2-19,PXD015122
19,-10.99901152033751,-2.566737168464869,Intensity_111017-MCF10A-RFP-glu-to-glu-wcl-D1-02,PXD015122
20,-10.873132609363715,-2.746551460802046,Intensity_111017-MCF10A-RFP-glu-to-glu-wcl-D2-14,PXD015122
21,-10.603719210089322,-2.148052433292028,Intensity_111717-MCF10A-RFP-glu-to-glu-wcl-JS-30ACN-D1-02,PXD015122
22,-10.782889680845246,-2.0467090806983417,Intensity_111717-MCF10A-RFP-glu-to-glu-wcl-JS-30ACN-D2-14,PXD015122
23,-10.886021417424669,-2.2521334706123435,Intensity_111017-MCF10A-RFP-glu-to-gal-wcl-D1-04,PXD015122
24,-10.926297982811493,-2.167261638035201,Intensity_111017-MCF10A-RFP-glu-to-gal-wcl-D2-16,PXD015122
25,-10.892612517362913,-2.3080543391359725,Intensity_111717-MCF10A-RFP-glu-to-gal-wcl-JS-30ACN-D1-04,PXD015122
26,-10.838891642803759,-2.3097325098089994,Intensity_111717-MCF10A-RFP-glu-to-gal-wcl-JS-30ACN-D2-16,PXD015122
27,-10.647193717672732,-2.3155023043030716,Intensity_111017-MCF10A-mAKT-gal-to-gal-wcl-D1-10,PXD015122
28,-10.766620074775322,-2.3861968040585078,Intensity_111017-MCF10A-mAKT-gal-to-gal-wcl-D2-22,PXD015122
29,-11.055410379458289,-2.582937231390368,Intensity_111717-MCF10A-mAKT-gal-to-gal-wcl-JS-30ACN-D1-10,PXD015122
30,-11.16542542115445,-2.5684379889340123,Intensity_111717-MCF10A-mAKT-gal-to-gal-wcl-JS-30ACN-D2-22,PXD015122
31,-10.848929311198424,-2.1359580230710997,Intensity_111017-MCF10A-mAKT-glu-to-glu-wcl-D1-06,PXD015122
32,-10.70607395630225,-2.4135687096545198,Intensity_111017-MCF10A-mAKT-glu-to-glu-wcl-D2-18,PXD015122
33,-10.99243458867076,-2.7049265481118816,Intensity_111717-MCF10A-mAKT-glu-to-glu-wcl-JS-30ACN-D1-06,PXD015122
34,-10.909443129949535,-2.6228651503388893,Intensity_111717-MCF10A-mAKT-glu-to-glu-wcl-JS-30ACN-D2-18,PXD015122
35,-10.722611743743167,-2.189306296589644,Intensity_111017-MCF10A-mAKT-glu-to-gal-wcl-D1-03,PXD015122
36,-10.553190138685496,-2.384550214146334,Intensity_111017-MCF10A-mAKT-glu-to-gal-wcl-D2-15,PXD015122
37,-10.842888079841272,-2.064030413062478,Intensity_111717-MCF10A-mAKT-glu-to-gal-wcl-JS-30ACN-D1-03,PXD015122
38,-10.753139801657433,-2.4705670580803747,Intensity_111717-MCF10A-mAKT-glu-to-gal-wcl-JS-30ACN-D2-15,PXD015122
39,-10.836139381005877,-2.233819643520061,Intensity_111017-MCF10A-MYC-gal-to-gal-wcl-D1-08,PXD015122
40,-10.766837175032443,-2.132757102623404,Intensity_111017-MCF10A-MYC-gal-to-gal-wcl-D2-20,PXD015122
41,-10.983665760635187,-2.095421815268636,Intensity_111717-MCF10A-MYC-gal-to-gal-wcl-JS-30ACN-D1-08,PXD015122
42,-10.945451235209347,-2.403886622725393,Intensity_111717-MCF10A-MYC-gal-to-gal-wcl-JS-30ACN-D2-20,PXD015122
43,-10.63778037557248,-2.0417742943392403,Intensity_111017-MCF10A-MYC-glu-to-glu-wcl-D1-05,PXD015122
44,-10.50812433545028,-2.180271964732106,Intensity_111017-MCF10A-MYC-glu-to-glu-wcl-D2-17,PXD015122
45,-11.200331746648088,-2.4113667326749515,Intensity_111717-MCF10A-MYC-glu-to-glu-wcl-JS-30ACN-D1-05,PXD015122
46,-11.156390203663886,-2.3863022535214053,Intensity_111717-MCF10A-MYC-glu-to-glu-wcl-JS-30ACN-D2-17,PXD015122
47,-10.754699070865783,-1.9578407139572729,Intensity_111017-MCF10A-MYC-glu-to-gal-wcl-D1-09,PXD015122
48,-10.688232000340783,-1.8332923881692877,Intensity_111017-MCF10A-MYC-glu-to-gal-wcl-D2-21,PXD015122
49,-10.519466579804416,-2.5922503556803864,Intensity_111717-MCF10A-MYC-glu-to-gal-wcl-JS-30ACN-D1-09,PXD015122
50,-10.559081007244172,-2.4138536101407047,Intensity_111717-MCF10A-MYC-glu-to-gal-wcl-JS-30ACN-D2-21,PXD015122
51,7.077881240772652,-0.9319385339210938,Intensity_1DLC012615QE_RRAG_014B_rep4,PXD012477
52,5.405182466886111,-1.0808482081985096,Intensity_1DLC121914QE_RRAG_029_rep4,PXD012477
53,6.196841967458801,-1.1262040591503026,Intensity_1DLC122214QE_RRAG_040_rep4,PXD012477
54,-1.671886841906743,-0.8372371711292843,Intensity_1DLC071515QE_RRAG_058B_rep2,PXD012477
55,5.537057206742513,-0.576984133328798,Intensity_1DLC121514QE_RRAG_019_rep2,PXD012477
56,6.097279060005221,-0.905438362312663,Intensity_1DLC123114QE_RRAG_064_rep4,PXD012477
57,6.820474212816093,-0.5111350723376878,Intensity_1DLC121514QE_RRAG_017_rep2,PXD012477
58,7.4215047070447095,0.9743452949226716,Intensity_1DLC122914QE_RRAG_059_rep4,PXD012477
59,6.5068051330845975,-0.3154136120641905,Intensity_1DLC122514QE_RRAG_045_rep4,PXD012477
60,-2.398943578902058,-1.528173555460232,Intensity_1DLC062715QE_RRAG_044B_rep4,PXD012477
61,-3.659526387489615,-1.2671623057337746,Intensity_1DLC051815QE_RRAG_029B_rep2,PXD012477
62,5.197126417593528,-1.1746431754234763,Intensity_1DLC123114QE_RRAG_062_rep4,PXD012477
63,-3.6743650396796492,-1.1993983037575862,Intensity_1DLC051815QE_RRAG_029B_rep3,PXD012477
64,4.59584740445532,0.42278272280668844,Intensity_1DLC120314QE_RRAG_008_rep2,PXD012477
65,5.481622189067083,-1.0970622259836942,Intensity_1DLC121414QE_RRAG_011_rep4,PXD012477
66,5.968052148933815,-0.7647812230402755,Intensity_1DLC121414QE_RRAG_016_rep1,PXD012477
67,-3.217252719904616,-1.6802533594347713,Intensity_1DLC060615QE_RRAG_037B_rep1,PXD012477
68,3.451902743889348,-0.5787465877338022,Intensity_1DLC120314QE_RRAG_001_rep1,PXD012477
69,-3.1013368839528823,-1.3255520943301273,Intensity_1DLC060615QE_RRAG_036B_rep3,PXD012477
70,6.286211799733275,-0.8706067461942647,Intensity_1DLC122514QE_RRAG_042_rep1,PXD012477
71,6.4381487746407355,0.6353262864075164,Intensity_1DLC012615QE_RRAG_007B_rep4,PXD012477
72,-3.191288607277919,-1.0609976489153277,Intensity_1DLC071515QE_RRAG_060B_rep3,PXD012477
73,5.93522877680965,-0.8085145505999388,Intensity_1DLC121514QE_RRAG_024_rep1,PXD012477
74,6.642805926955175,-1.336823834171602,Intensity_1DLC122214QE_RRAG_040_rep2,PXD012477
75,6.516846000467651,-0.3912149873201239,Intensity_1DLC122214QE_RRAG_039_rep4,PXD012477
76,7.2981137202670086,1.0376811418670455,Intensity_1DLC012615QE_RRAG_012B_rep2,PXD012477
77,-2.7599897830722275,-1.3804530894798732,Intensity_1DLC051815QE_RRAG_027B_rep3,PXD012477
78,-3.193497363465611,-0.9784524458327063,Intensity_1DLC060615QE_RRAG_031B_rep1,PXD012477
79,6.6651419029033585,-0.5794212748037803,Intensity_1DLC122514QE_RRAG_044_rep2,PXD012477
80,7.496626078845895,0.05954553063241874,Intensity_1DLC120314QE_RRAG_006_rep3,PXD012477
81,6.92257756349746,0.22297715379306202,Intensity_1DLC122914QE_RRAG_055_rep4,PXD012477
82,7.534689662927142,-0.39989429015283556,Intensity_1DLC122214QE_RRAG_034_rep1,PXD012477
83,-4.107146072066484,-1.0837116956688357,Intensity_1DLC060615QE_RRAG_031B_rep4,PXD012477
84,-4.118329703084648,-0.4670361089323283,Intensity_1DLC062715QE_RRAG_043B_rep3,PXD012477
85,5.021163333120449,-0.7776578906293592,Intensity_1DLC123114QE_RRAG_064_rep1,PXD012477
86,6.402305262390627,0.71677161930231,Intensity_1DLC121914QE_RRAG_030_rep4,PXD012477
87,6.908005124291068,-0.8238819541908193,Intensity_1DLC121514QE_RRAG_024_rep3,PXD012477
88,6.249302276223168,-1.964221549862198,Intensity_1DLC012615QE_RRAG_006B_rep4,PXD012477
89,-3.601946350191022,-1.3307329258391092,Intensity_1DLC052815QE_RRAG_024B_rep2,PXD012477
90,-4.552751405575722,-0.9506810532462757,Intensity_1DLC070815QE_RRAG_049B_rep2,PXD012477
91,5.396322768296248,-1.16058972819803,Intensity_1DLC121914QE_RRAG_025_rep4,PXD012477
92,-4.193014005076808,-0.020223358295483756,Intensity_1DLC051815QE_RRAG_026B_rep2,PXD012477
93,7.6137258594653785,-1.2734699959044897,Intensity_1DLC012615QE_RRAG_002B_rep3,PXD012477
94,7.403430312221577,0.5531330108180819,Intensity_1DLC122514QE_RRAG_041_rep1,PXD012477
95,6.780645261753711,-0.6286254087277509,Intensity_1DLC120314QE_RRAG_006_rep4,PXD012477
96,-4.130493839782956,-1.298727238170457,Intensity_1DLC052815QE_RRAG_025B_rep2,PXD012477
97,5.78604633604011,-0.7887332462203176,Intensity_1DLC122214QE_RRAG_037_rep3,PXD012477
98,6.217036290482446,-0.24593667922109358,Intensity_1DLC121414QE_RRAG_013_rep2,PXD012477
99,-3.7551292750894065,-1.3672929395931859,Intensity_1DLC051815QE_RRAG_019B_rep4,PXD012477
100,-4.0388750972276055,-0.815168019020006,Intensity_1DLC060615QE_RRAG_033B_rep2,PXD012477
101,6.263881846160526,-0.3418270103377334,Intensity_1DLC122914QE_RRAG_057_rep2,PXD012477
102,-3.4031462180804413,-0.8583598732561705,Intensity_1DLC062715QE_RRAG_043B_rep1,PXD012477
103,4.986485515221054,-1.3600563704968451,Intensity_1DLC122514QE_RRAG_052_rep1,PXD012477
104,2.7920382052439696,-0.2857633127267225,Intensity_1DLC120314QE_RRAG_003_rep2,PXD012477
105,-3.440126020356902,-0.8334895881657266,Intensity_1DLC061715QE_RRAG_038B_rep1,PXD012477
106,5.434346618819695,-1.1138448011348854,Intensity_1DLC123114QE_RRAG_062_rep3,PXD012477
107,-3.0462548283236965,-0.9423089212960947,Intensity_1DLC061715QE_RRAG_040B_rep3,PXD012477
108,6.453241617141987,-0.18179373290283793,Intensity_1DLC121514QE_RRAG_017_rep1,PXD012477
109,6.310874181573453,-0.305551901207801,Intensity_1DLC012615QE_RRAG_009B_rep2,PXD012477
110,-1.3875053233103356,-0.9618029849213163,Intensity_1DLC071015QE_RRAG_052B_rep1,PXD012477
111,-1.7927263374920661,-1.448670154030086,Intensity_1DLC071515QE_RRAG_056B_rep4,PXD012477
112,-4.16078431991068,-1.3100782574218768,Intensity_1DLC051815QE_RRAG_018B_rep1,PXD012477
113,-3.126310096918691,-1.5129770679960757,Intensity_1DLC052815QE_RRAG_024B_rep4,PXD012477
114,4.2238545444740625,0.06359423093168146,Intensity_1DLC120314QE_RRAG_006_rep1,PXD012477
115,6.870281569820312,-0.23841939914856022,Intensity_1DLC012615QE_RRAG_002B_rep1,PXD012477
116,-0.9845179917345711,-0.40153990720240973,Intensity_1DLC061715QE_RRAG_041B_rep4,PXD012477
117,-3.9589342488743244,-1.1385298347637167,Intensity_1DLC051815QE_RRAG_028B_rep3,PXD012477
118,-3.933977692305195,-0.8939448037150349,Intensity_1DLC052815QE_RRAG_025B_rep3,PXD012477
119,6.847251387885324,-1.535604376704102,Intensity_1DLC012615QE_RRAG_003B_rep3,PXD012477
120,6.856048003546844,-0.9308795362958311,Intensity_1DLC121914QE_RRAG_032_rep4,PXD012477
121,6.562149032626015,0.009833618843551623,Intensity_1DLC122914QE_RRAG_055_rep2,PXD012477
122,-5.117088047450212,-0.9774589452808361,Intensity_1DLC051815QE_RRAG_011B_rep1,PXD012477
123,-2.127887484893684,-1.2242461820204213,Intensity_1DLC062715QE_RRAG_047B_rep1,PXD012477
124,5.519334834546753,-0.41094157088069705,Intensity_1DLC122914QE_RRAG_057_rep3,PXD012477
125,6.347955619093275,-0.8335211060096122,Intensity_1DLC012615QE_RRAG_003B_rep1,PXD012477
126,-2.857135893537163,-0.9582132874367597,Intensity_1DLC051815QE_RRAG_019B_rep3,PXD012477
127,6.416033984537378,-1.3704782882075952,Intensity_1DLC012615QE_RRAG_005B_rep3,PXD012477
128,-2.2958270026237213,-1.1704647957087497,Intensity_1DLC071515QE_RRAG_061B_rep2,PXD012477
129,-3.2372998545915204,-1.3369856753438545,Intensity_1DLC051815QE_RRAG_023B_rep2,PXD012477
130,-1.6459863099937517,-1.2543795443421009,Intensity_1DLC071515QE_RRAG_058B_rep3,PXD012477
131,-3.5565827750757015,-1.5829098709790808,Intensity_1DLC051815QE_RRAG_023B_rep1,PXD012477
132,6.510350603914225,-0.8379350821745463,Intensity_1DLC122914QE_RRAG_056_rep3,PXD012477
133,7.230930328121204,-0.4138312026418629,Intensity_1DLC122514QE_RRAG_045_rep2,PXD012477
134,6.883247892452716,-0.8599410164373856,Intensity_1DLC120914QE_RRAG_009_rep4,PXD012477
135,6.051032863990223,-0.4623197294416516,Intensity_1DLC123114QE_RRAG_061_rep4,PXD012477
136,-2.0610982872475194,-1.6300719110485125,Intensity_1DLC062715QE_RRAG_047B_rep4,PXD012477
137,-2.916804952261112,-0.9300229608114797,Intensity_1DLC061715QE_RRAG_040B_rep1,PXD012477
138,-1.0680046902030844,-1.0749422507542903,Intensity_1DLC062715QE_RRAG_048B_rep4,PXD012477
139,7.426673955505854,-1.5860192336418346,Intensity_1DLC122214QE_RRAG_040_rep1,PXD012477
140,-2.8773468602871213,0.8101269704396307,Intensity_1DLC051815QE_RRAG_026B_rep4,PXD012477
141,6.963308190906592,0.5621075365957166,Intensity_1DLC121914QE_RRAG_030_rep2,PXD012477
142,6.615275487207869,-0.6416406563716592,Intensity_1DLC122214QE_RRAG_034_rep3,PXD012477
143,4.925796909619327,0.12790411081368303,Intensity_1DLC120314QE_RRAG_004_rep2,PXD012477
144,6.458156535791891,-0.7810002579664684,Intensity_1DLC122514QE_RRAG_051_rep2,PXD012477
145,-2.076348634847437,-0.8569371479137661,Intensity_1DLC060615QE_RRAG_030B_rep4,PXD012477
146,5.943313208871802,-0.846283887599903,Intensity_1DLC123114QE_RRAG_062_rep2,PXD012477
147,-3.8878949737087316,-1.0826885111346438,Intensity_1DLC051815QE_RRAG_028B_rep1,PXD012477
148,-3.948982314299293,-0.8873024498270433,Intensity_1DLC051815QE_RRAG_027B_rep1,PXD012477
149,-2.7770437692894143,-1.9360202208004764,Intensity_1DLC062715QE_RRAG_047B_rep2,PXD012477
150,5.690828955250976,-0.9723508783152883,Intensity_1DLC122914QE_RRAG_058_rep3,PXD012477
151,-3.535828203699347,-0.9425832587532683,Intensity_1DLC062715QE_RRAG_046B_rep1,PXD012477
152,7.900488128788642,0.33938584907679403,Intensity_1DLC122214QE_RRAG_038_rep1,PXD012477
153,6.453624430637574,-0.4785093462895096,Intensity_1DLC121914QE_RRAG_032_rep3,PXD012477
154,-1.1560865892510395,-0.28883086351728865,Intensity_1DLC061715QE_RRAG_041B_rep3,PXD012477
155,-1.247269260057902,-1.2956854110581262,Intensity_1DLC071015QE_RRAG_052B_rep3,PXD012477
156,-2.619319002290843,-1.3622681300797186,Intensity_1DLC071515QE_RRAG_064B_rep3,PXD012477
157,-3.660336730444023,-1.2395655305961955,Intensity_1DLC051815QE_RRAG_029B_rep4,PXD012477
158,5.483425091650687,-0.9259831898930562,Intensity_1DLC012615QE_RRAG_003B_rep4,PXD012477
159,7.723834143482842,0.7410554022422762,Intensity_1DLC123114QE_RRAG_053_rep2,PXD012477
160,-1.9762175692820423,-0.173231857019125,Intensity_1DLC071015QE_RRAG_055B_rep2,PXD012477
161,-1.07741940987121,-1.6461615278200963,Intensity_1DLC051815QE_RRAG_022B_rep3,PXD012477
162,4.043119246431323,-1.3679501081205663,Intensity_1DLC122914QE_RRAG_058_rep4,PXD012477
163,-2.9380144241898383,-1.4534711087678367,Intensity_1DLC062715QE_RRAG_046B_rep4,PXD012477
164,-3.103129098897303,-0.5490461318038423,Intensity_1DLC0080815QE_RRAG_002_rep2,PXD012477
165,7.139721629941443,0.14755035437672115,Intensity_1DLC012615QE_RRAG_007B_rep3,PXD012477
166,-5.2164849788979755,-1.898609243907137,Intensity_1DLC051815QE_RRAG_017B_rep3,PXD012477
167,5.959960434753421,-0.1284153469221395,Intensity_1DLC121414QE_RRAG_014_rep3,PXD012477
168,6.903769562652039,0.7814160957228037,Intensity_1DLC121914QE_RRAG_030_rep3,PXD012477
169,5.324177945573183,-0.5682410166452162,Intensity_1DLC121514QE_RRAG_019_rep1,PXD012477
170,-2.060390729658798,-0.7577885686484113,Intensity_1DLC071515QE_RRAG_058B_rep1,PXD012477
171,-2.1360934691130926,-0.7501351006987121,Intensity_1DLC071515QE_RRAG_060B_rep4,PXD012477
172,6.327434109126469,-0.5394056451808237,Intensity_1DLC122214QE_RRAG_037_rep1,PXD012477
173,5.483292205803324,-0.8147898118974053,Intensity_1DLC121414QE_RRAG_015_rep1,PXD012477
174,4.341797629827222,-0.13677816473591484,Intensity_1DLC120914QE_RRAG_010_rep2,PXD012477
175,-3.103800913583134,-1.100708993165949,Intensity_1DLC061715QE_RRAG_038B_rep3,PXD012477
176,5.680397006137876,-1.249448223160699,Intensity_1DLC123114QE_RRAG_061_rep2,PXD012477
177,6.534417056751954,-0.5781981418332485,Intensity_1DLC122914QE_RRAG_048_101414_rep1,PXD012477
178,5.98807871479221,-0.9070414723174237,Intensity_1DLC121514QE_RRAG_021_rep3,PXD012477
179,6.829567968849773,0.07228457584717658,Intensity_1DLC122514QE_RRAG_050_rep1,PXD012477
180,3.866266531744695,0.4444292976972177,Intensity_1DLC120314QE_RRAG_006_rep2,PXD012477
181,6.396437513307392,-0.6699170603208606,Intensity_1DLC122214QE_RRAG_034_rep4,PXD012477
182,-3.2871134489362195,0.4117273550071453,Intensity_1DLC051815QE_RRAG_026B_rep3,PXD012477
183,7.81074413805153,1.0696114793940512,Intensity_1DLC123114QE_RRAG_053_rep1,PXD012477
184,-1.9231284009218148,-1.363776406849766,Intensity_1DLC062715QE_RRAG_048B_rep1,PXD012477
185,-4.480412279240318,-1.7552383971849594,Intensity_1DLC051815QE_RRAG_021B_rep3,PXD012477
186,5.2788776490654925,-0.7132533441817968,Intensity_1DLC121514QE_RRAG_020_rep2,PXD012477
187,6.009758861767084,-0.5284296085372256,Intensity_1DLC121514QE_RRAG_024_rep2,PXD012477
188,6.054463545661969,-0.5144444981498009,Intensity_1DLC121914QE_RRAG_028_rep3,PXD012477
189,-0.20618745063012303,-0.6763489628139677,Intensity_1DLC071015QE_RRAG_053B_rep2,PXD012477
190,7.298003373106108,1.0411678803938673,Intensity_1DLC122914QE_RRAG_059_rep3,PXD012477
191,6.297889971037145,-0.4793294799263227,Intensity_1DLC121414QE_RRAG_013_rep4,PXD012477
192,6.644913654305225,-0.47945587216539215,Intensity_1DLC123114QE_RRAG_063_rep1,PXD012477
193,6.12896239487615,-0.7414151611569832,Intensity_1DLC122514QE_RRAG_046_rep2,PXD012477
194,-3.6539265170685304,-0.7533122827921623,Intensity_1DLC062715QE_RRAG_043B_rep2,PXD012477
195,6.742123910902879,0.054060855581724146,Intensity_1DLC120314QE_RRAG_005_rep4,PXD012477
196,5.459778413608096,-0.9426322748319588,Intensity_1DLC121514QE_RRAG_018_rep1,PXD012477
197,-3.528860980125747,-1.0465699159761288,Intensity_1DLC071515QE_RRAG_056B_rep1,PXD012477
198,5.8698976251743735,-1.0929335154740834,Intensity_1DLC012615QE_RRAG_016B_rep4,PXD012477
199,-1.697794510873913,-1.5227930579091473,Intensity_1DLC060615QE_RRAG_032B_rep3,PXD012477
200,3.529228266012401,-0.4970473953134704,Intensity_1DLC120314QE_RRAG_001_rep2,PXD012477
201,7.153267389561586,-0.20193891402335937,Intensity_1DLC123114QE_RRAG_063_rep4,PXD012477
202,-4.5342826285219875,-1.4782898094327568,Intensity_1DLC051815QE_RRAG_019B_rep1,PXD012477
203,7.840779035031721,0.4623069460541573,Intensity_1DLC120314QE_RRAG_008_rep3,PXD012477
204,7.520020222574729,0.16524695587334687,Intensity_1DLC123114QE_RRAG_053_rep3,PXD012477
205,3.574871825268812,0.10488852010170635,Intensity_1DLC120314QE_RRAG_005_rep2,PXD012477
206,-4.78319830498146,-1.0486600090269702,Intensity_1DLC051815QE_RRAG_011B_rep2,PXD012477
207,-3.6437395665168086,-1.5801731726600292,Intensity_1DLC071515QE_RRAG_062B_rep3,PXD012477
208,5.182452532371821,-0.8143152491936072,Intensity_1DLC121914QE_RRAG_031_rep1,PXD012477
209,6.694143215659662,0.5435372384737024,Intensity_1DLC122514QE_RRAG_041_rep4,PXD012477
210,6.09192070040122,-0.31697259829156305,Intensity_1DLC122514QE_RRAG_048_101314_rep2,PXD012477
211,5.834199094739182,0.3915938271480327,Intensity_1DLC122914QE_RRAG_055_rep1,PXD012477
212,5.441224835123784,-1.3328628186023768,Intensity_1DLC012615QE_RRAG_016B_rep3,PXD012477
213,-4.057380561783381,-1.140195273350467,Intensity_1DLC060615QE_RRAG_036B_rep2,PXD012477
214,7.229903958295945,-0.30410751130207,Intensity_1DLC120314QE_RRAG_005_rep3,PXD012477
215,5.458238576586303,-0.9762351657455602,Intensity_1DLC121914QE_RRAG_025_rep2,PXD012477
216,6.367911733868503,-0.660255827761218,Intensity_1DLC121414QE_RRAG_016_rep3,PXD012477
217,5.94408150833216,-0.3052118817324105,Intensity_1DLC012615QE_RRAG_001B_rep2,PXD012477
218,5.627869162494735,-0.6988356311127188,Intensity_1DLC122914QE_RRAG_057_rep4,PXD012477
219,5.506392545897233,-1.0631444702266541,Intensity_1DLC121914QE_RRAG_028_rep4,PXD012477
220,-1.333747711377537,-1.0306977328892146,Intensity_1DLC051815QE_RRAG_022B_rep4,PXD012477
221,7.189876860023658,-1.2335470912884772,Intensity_1DLC012615QE_RRAG_006B_rep2,PXD012477
222,-3.686047407506887,-1.1336196823495988,Intensity_1DLC051815QE_RRAG_018B_rep4,PXD012477
223,7.077946145082851,0.01276947069508388,Intensity_1DLC122214QE_RRAG_034_rep2,PXD012477
224,5.530980082420127,-0.9568216885539635,Intensity_1DLC012615QE_RRAG_010B_rep2,PXD012477
225,7.396615613203566,-0.3798350107668245,Intensity_1DLC122214QE_RRAG_039_rep2,PXD012477
226,-2.222019748704356,-0.9759064603243736,Intensity_1DLC071515QE_RRAG_062B_rep1,PXD012477
227,7.4709961887663106,1.617238136406671,Intensity_1DLC121914QE_RRAG_026_rep1,PXD012477
228,-4.331413101433831,-1.2288969976227486,Intensity_1DLC0080815QE_RRAG_017_rep1,PXD012477
229,-4.0797764308693765,-1.0181616240322564,Intensity_1DLC051815QE_RRAG_028B_rep4,PXD012477
230,6.936639025228752,-0.8823359825728035,Intensity_1DLC121414QE_RRAG_016_rep4,PXD012477
231,7.460730754642373,-0.7469881427920421,Intensity_1DLC012615QE_RRAG_012B_rep4,PXD012477
232,6.064232698441448,-0.39331204170664635,Intensity_1DLC122914QE_RRAG_056_rep2,PXD012477
233,-3.1767092403515074,-1.4883133460017903,Intensity_1DLC051815QE_RRAG_027B_rep2,PXD012477
234,-5.035702294469626,-0.6282138601765941,Intensity_1DLC060615QE_RRAG_034B_rep1,PXD012477
235,4.512146169238368,-1.5051705401384468,Intensity_1DLC122214QE_RRAG_037_rep4,PXD012477
236,6.886318478320877,-1.1759906074555064,Intensity_1DLC012615QE_RRAG_014B_rep2,PXD012477
237,-3.8642481356412715,-1.6193006384044444,Intensity_1DLC061715QE_RRAG_042B_rep1,PXD012477
238,5.016793792075023,-0.48982144674571154,Intensity_1DLC121414QE_RRAG_011_rep2,PXD012477
239,7.750803967481552,-0.6873372209058796,Intensity_1DLC122214QE_RRAG_039_rep1,PXD012477
240,-2.478346322771133,-1.1237002419866968,Intensity_1DLC062715QE_RRAG_046B_rep3,PXD012477
241,-3.95382423438032,-1.4568546899721415,Intensity_1DLC051815QE_RRAG_023B_rep4,PXD012477
242,-3.224745263730253,-1.3530634392745566,Intensity_1DLC052815QE_RRAG_024B_rep1,PXD012477
243,-4.140031687841853,-1.6631273869154057,Intensity_1DLC0080815QE_RRAG_004_rep1,PXD012477
244,8.17544011503009,0.9764030218084743,Intensity_1DLC122514QE_RRAG_043_rep2,PXD012477
245,6.43672884324382,-0.6378004971413014,Intensity_1DLC121514QE_RRAG_021_rep1,PXD012477
246,-2.413316606693779,-1.1458925088138958,Intensity_1DLC060615QE_RRAG_036B_rep4,PXD012477
247,-5.394583325700659,-0.756300518203365,Intensity_1DLC060615QE_RRAG_034B_rep2,PXD012477
248,7.127363894643978,-0.9824910595804621,Intensity_1DLC121514QE_RRAG_024_rep4,PXD012477
249,7.895838597017214,0.8282264323756285,Intensity_1DLC122514QE_RRAG_049_rep2,PXD012477
250,7.145033981378324,-0.8018770957721256,Intensity_1DLC012615QE_RRAG_014B_rep3,PXD012477
251,6.754957365503751,-0.21437651132744406,Intensity_1DLC012615QE_RRAG_008B_rep2,PXD012477
252,-1.8893349956074321,-0.8172976855003617,Intensity_1DLC071515QE_RRAG_061B_rep4,PXD012477
253,-4.862060378877142,-0.32801865983811707,Intensity_1DLC060615QE_RRAG_035B_rep1,PXD012477
254,-3.6043597115438457,-1.729678255932333,Intensity_1DLC0080815QE_RRAG_018_rep2,PXD012477
255,6.943275532356506,-0.34583326140816706,Intensity_1DLC122914QE_RRAG_047_101414_rep2,PXD012477
256,-1.379967997347611,-0.571609545748111,Intensity_1DLC071515QE_RRAG_059B_rep2,PXD012477
257,-2.6840112862729866,-1.46630663099614,Intensity_1DLC071515QE_RRAG_064B_rep4,PXD012477
258,5.602282641863056,-0.5265543937699521,Intensity_1DLC122914QE_RRAG_058_rep1,PXD012477
259,-5.266391468107945,-2.0379354985031135,Intensity_1DLC051815QE_RRAG_017B_rep2,PXD012477
260,-4.273330791611877,-1.329833597947932,Intensity_1DLC060615QE_RRAG_033B_rep4,PXD012477
261,7.67801065961094,-0.3289909681431291,Intensity_1DLC122214QE_RRAG_035_rep4,PXD012477
262,6.3149152039814185,-0.48303019048103735,Intensity_1DLC121914QE_RRAG_028_rep2,PXD012477
263,6.799663173686942,-0.4672449717814218,Intensity_1DLC012615QE_RRAG_013B_rep1,PXD012477
264,5.971328635461783,-0.6534478299635692,Intensity_1DLC121414QE_RRAG_013_rep3,PXD012477
265,6.321809581070883,-0.1277500631659358,Intensity_1DLC122914QE_RRAG_060_rep4,PXD012477
266,6.16129589828349,-1.3733705593038452,Intensity_1DLC122514QE_RRAG_046_rep1,PXD012477
267,-0.0601578017965322,-0.6904633126066572,Intensity_1DLC070815QE_RRAG_051B_rep2,PXD012477
268,-1.6721208968463077,-1.0411564015654597,Intensity_1DLC062715QE_RRAG_048B_rep2,PXD012477
269,-2.2159858757658584,-0.6540953997721142,Intensity_1DLC071515QE_RRAG_060B_rep2,PXD012477
270,-2.960313278531167,-2.053409240068071,Intensity_1DLC051815QE_RRAG_023B_rep3,PXD012477
271,3.7107137847353813,0.34412505169114843,Intensity_1DLC120314QE_RRAG_005_rep1,PXD012477
272,-2.1181950196605808,-1.1279419636623607,Intensity_1DLC071515QE_RRAG_058B_rep4,PXD012477
273,-4.395061622072317,-1.301046689850818,Intensity_1DLC051815QE_RRAG_018B_rep3,PXD012477
274,5.284802463141982,-1.074322283722453,Intensity_1DLC121914QE_RRAG_025_rep1,PXD012477
275,5.3369728222517905,-1.6011389004887224,Intensity_1DLC012615QE_RRAG_001B_rep3,PXD012477
276,5.293147752237619,-0.9042789440843761,Intensity_1DLC012615QE_RRAG_010B_rep3,PXD012477
277,7.0571665751390364,-0.29156070276911117,Intensity_1DLC012615QE_RRAG_006B_rep1,PXD012477
278,2.8385260232783818,-0.44734299627607027,Intensity_1DLC120314QE_RRAG_003_rep1,PXD012477
279,5.639051659039966,-0.12511871377567044,Intensity_1DLC121414QE_RRAG_013_rep1,PXD012477
280,-2.3211508368081706,-1.491506925408205,Intensity_1DLC051815QE_RRAG_020B_rep4,PXD012477
281,-4.9219676737164395,-0.7988738335088518,Intensity_1DLC051815QE_RRAG_011B_rep3,PXD012477
282,5.491131683245513,-1.0721381279981987,Intensity_1DLC122514QE_RRAG_046_rep4,PXD012477
283,6.718010438982722,-1.0279074735267426,Intensity_1DLC012615QE_RRAG_015B_rep1,PXD012477
284,7.242014590775817,-1.956012870916353,Intensity_1DLC012615QE_RRAG_004B_rep3,PXD012477
285,6.106286279550782,-0.4753160201027594,Intensity_1DLC122514QE_RRAG_045_rep3,PXD012477
286,5.55356023076889,-1.5057640388479832,Intensity_1DLC122214QE_RRAG_033_rep4,PXD012477
287,-0.46541690894677484,-0.1562275592237265,Intensity_1DLC071015QE_RRAG_054B_rep3,PXD012477
288,6.3857325700519025,-1.5599811874116138,Intensity_1DLC122214QE_RRAG_033_rep1,PXD012477
289,6.356477938531581,-1.2258655748539566,Intensity_1DLC012615QE_RRAG_004B_rep4,PXD012477
290,-4.695830879191571,-0.8665513759726983,Intensity_1DLC070815QE_RRAG_051B_rep1,PXD012477
291,5.188404029118607,-1.2988675454229013,Intensity_1DLC122514QE_RRAG_052_rep2,PXD012477
292,8.24551189682012,0.3090674744763931,Intensity_1DLC120314QE_RRAG_008_rep4,PXD012477
293,-1.921925560971802,-1.6130772698756446,Intensity_1DLC051815QE_RRAG_022B_rep2,PXD012477
294,7.025304512236559,0.19426479838321842,Intensity_1DLC012615QE_RRAG_007B_rep2,PXD012477
295,7.309917457866788,0.2754755782598006,Intensity_1DLC123114QE_RRAG_054_rep4,PXD012477
296,-1.8719764011928508,-0.604715567934157,Intensity_1DLC071015QE_RRAG_055B_rep3,PXD012477
297,8.212505069212519,0.9026396375453883,Intensity_1DLC012615QE_RRAG_012B_rep3,PXD012477
298,-4.593962451004423,-0.7293748372144061,Intensity_1DLC060615QE_RRAG_035B_rep2,PXD012477
299,6.376807750538948,-0.7372339196391697,Intensity_1DLC012615QE_RRAG_001B_rep1,PXD012477
300,6.273903174517882,-0.31295815725482373,Intensity_1DLC122914QE_RRAG_060_rep3,PXD012477
301,5.097886294084364,-1.3315876036497183,Intensity_1DLC121914QE_RRAG_031_rep2,PXD012477
302,0.6197430333946253,-0.8068162125558479,Intensity_1DLC071015QE_RRAG_053B_rep3,PXD012477
303,5.316802438524086,-2.0127113000351753,Intensity_1DLC012615QE_RRAG_016B_rep2,PXD012477
304,-3.106752484729583,-1.991255595058491,Intensity_1DLC062715QE_RRAG_045B_rep2,PXD012477
305,7.203420891635151,-0.6883694107982254,Intensity_1DLC012615QE_RRAG_008B_rep1,PXD012477
306,-1.430814761242465,-1.125414817144989,Intensity_1DLC071515QE_RRAG_062B_rep2,PXD012477
307,6.535431569323856,-0.13743263745499587,Intensity_1DLC012615QE_RRAG_013B_rep2,PXD012477
308,6.783970818003183,-0.5752219256975788,Intensity_1DLC122514QE_RRAG_044_rep4,PXD012477
309,6.137020976336411,-0.31915147121597676,Intensity_1DLC121914QE_RRAG_028_rep1,PXD012477
310,5.741347274057851,-0.5262109192283659,Intensity_1DLC121514QE_RRAG_021_rep2,PXD012477
311,6.616058764556181,-0.7512836393825476,Intensity_1DLC012615QE_RRAG_009B_rep4,PXD012477
312,-4.983509683535331,-0.6564092385854624,Intensity_1DLC060615QE_RRAG_034B_rep4,PXD012477
313,-2.8852260551967084,-0.8753631993897406,Intensity_1DLC060615QE_RRAG_032B_rep1,PXD012477
314,7.657271263353393,-0.10276653327464531,Intensity_1DLC122514QE_RRAG_041_rep2,PXD012477
315,-2.3511969298680744,-1.671099573308965,Intensity_1DLC062715QE_RRAG_047B_rep3,PXD012477
316,4.907652281806782,-1.0426202874862749,Intensity_1DLC123114QE_RRAG_064_rep2,PXD012477
317,1.130973088881731,-0.6195613137370022,Intensity_1DLC070815QE_RRAG_051B_rep4,PXD012477
318,7.714085761729412,-0.3934235042039668,Intensity_1DLC122214QE_RRAG_036_rep3,PXD012477
319,-2.0467386330599564,-1.2402734782712088,Intensity_1DLC051815QE_RRAG_027B_rep4,PXD012477
320,5.8728243545374434,-1.508882462288984,Intensity_1DLC012615QE_RRAG_015B_rep3,PXD012477
321,8.21696079624868,-0.188488912703875,Intensity_1DLC122214QE_RRAG_038_rep2,PXD012477
322,-3.293331606186056,-1.5750766002831336,Intensity_1DLC062715QE_RRAG_044B_rep1,PXD012477
323,-2.6221921433824558,-1.8710409289133478,Intensity_1DLC062715QE_RRAG_045B_rep1,PXD012477
324,5.8284744871416025,-0.41179820290887653,Intensity_1DLC121514QE_RRAG_022_rep2,PXD012477
325,11.884206298967024,-1.4707253517022763,Intensity_1DLC121514QE_RRAG_017_rep3,PXD012477
326,8.34106471874854,0.7784981244176585,Intensity_1DLC122514QE_RRAG_043_rep3,PXD012477
327,-1.239743933396452,-0.8896729023578,Intensity_1DLC060615QE_RRAG_032B_rep2,PXD012477
328,-0.9632203009723443,-0.15453089174540283,Intensity_1DLC071015QE_RRAG_054B_rep1,PXD012477
329,6.447076023250051,-0.2982922358105953,Intensity_1DLC122914QE_RRAG_057_rep1,PXD012477
330,6.741467093394004,-0.14049121577133428,Intensity_1DLC122514QE_RRAG_047_101314_rep1,PXD012477
331,6.66699957364875,-0.07074803784735786,Intensity_1DLC012615QE_RRAG_013B_rep4,PXD012477
332,5.589751752303391,-0.8428864440576264,Intensity_1DLC121914QE_RRAG_027_rep3,PXD012477
333,-3.873106593698285,-0.6020298914986217,Intensity_1DLC051815QE_RRAG_026B_rep1,PXD012477
334,-2.5324972346083463,-1.2238776297818366,Intensity_1DLC062715QE_RRAG_045B_rep4,PXD012477
335,7.884461976676658,0.8383187075327199,Intensity_1DLC123114QE_RRAG_053_rep4,PXD012477
336,-0.5068089487486882,-0.36823064136719796,Intensity_1DLC071515QE_RRAG_059B_rep4,PXD012477
337,6.914103673505245,-0.6171617938683082,Intensity_1DLC120914QE_RRAG_010_rep4,PXD012477
338,7.64095887613096,0.7910962667805471,Intensity_1DLC122914QE_RRAG_059_rep2,PXD012477
339,0.488067912630925,0.31730763823434066,Intensity_1DLC071515QE_RRAG_059B_rep1,PXD012477
340,-3.3395320714450225,-1.4221709935063842,Intensity_1DLC051815QE_RRAG_022B_rep1,PXD012477
341,5.8119624563451175,-1.0275266488883772,Intensity_1DLC123114QE_RRAG_062_rep1,PXD012477
342,6.7071350652080834,-0.2607301958551462,Intensity_1DLC123114QE_RRAG_063_rep2,PXD012477
343,7.456809417446838,-0.286148552601725,Intensity_1DLC121914QE_RRAG_032_rep2,PXD012477
344,-0.9327819379490786,-1.289066596711648,Intensity_1DLC071015QE_RRAG_052B_rep2,PXD012477
345,7.842430030754848,1.8792536962315567,Intensity_1DLC121914QE_RRAG_026_rep2,PXD012477
346,-3.646740035006908,-1.390221168057665,Intensity_1DLC051815QE_RRAG_021B_rep1,PXD012477
347,6.980866735070613,-0.9621710275525527,Intensity_1DLC122514QE_RRAG_044_rep1,PXD012477
348,6.684609402838135,-0.020316268858148804,Intensity_1DLC121414QE_RRAG_014_rep2,PXD012477
349,-2.3099629929189374,-0.6158854852667912,Intensity_1DLC071515QE_RRAG_061B_rep1,PXD012477
350,-3.2289079244718883,-1.7510697989811854,Intensity_1DLC051815QE_RRAG_020B_rep2,PXD012477
351,5.885245312824704,-0.5145626309368713,Intensity_1DLC121514QE_RRAG_021_rep4,PXD012477
352,5.394319054135452,-1.4641838701241805,Intensity_1DLC012615QE_RRAG_015B_rep2,PXD012477
353,6.2966378160623755,-0.5353769626331794,Intensity_1DLC121414QE_RRAG_016_rep2,PXD012477
354,5.485902614306905,-1.027822346400501,Intensity_1DLC122514QE_RRAG_046_rep3,PXD012477
355,6.803904003233915,-1.1879058081554577,Intensity_1DLC120914QE_RRAG_009_rep3,PXD012477
356,6.916597624345663,-0.4533228623376432,Intensity_1DLC122214QE_RRAG_036_rep2,PXD012477
357,-3.37663222036824,-1.5726075325470983,Intensity_1DLC060615QE_RRAG_030B_rep1,PXD012477
358,-2.180738675643351,-1.6549787661461908,Intensity_1DLC071515QE_RRAG_056B_rep3,PXD012477
359,6.3401498185006595,-1.2019593793053942,Intensity_1DLC121914QE_RRAG_027_rep4,PXD012477
360,6.064853268898511,-1.1634641058674122,Intensity_1DLC121914QE_RRAG_025_rep3,PXD012477
361,-3.238618517119213,-1.2875671105820672,Intensity_1DLC060615QE_RRAG_031B_rep2,PXD012477
362,4.6276209323026,0.32748242275141964,Intensity_1DLC120314QE_RRAG_007_rep2,PXD012477
363,7.205573098817936,-0.7862453620823577,Intensity_1DLC122914QE_RRAG_047_101414_rep1,PXD012477
364,4.600433142759384,-1.3066180318827232,Intensity_1DLC122514QE_RRAG_042_rep4,PXD012477
365,4.642295125672403,-1.9790451190298461,Intensity_1DLC121514QE_RRAG_023_rep3,PXD012477
366,-4.9509055989549955,-1.282732168689226,Intensity_1DLC0080815QE_RRAG_019_rep1,PXD012477
367,4.65292094780741,0.13594328389201535,Intensity_1DLC120314QE_RRAG_004_rep1,PXD012477
368,4.0140350720418665,-0.6387102982220146,Intensity_1DLC120314QE_RRAG_007_rep1,PXD012477
369,-3.66583885021068,-1.7559148194175431,Intensity_1DLC051815QE_RRAG_020B_rep3,PXD012477
370,-4.990119953072272,-1.2567793783950447,Intensity_1DLC051815QE_RRAG_011B_rep4,PXD012477
371,-2.560714979677845,-0.5576812045879974,Intensity_1DLC060615QE_RRAG_037B_rep4,PXD012477
372,-3.5074296529301012,-1.0698696696969932,Intensity_1DLC061715QE_RRAG_040B_rep2,PXD012477
373,7.882255656361805,0.8991033466639352,Intensity_1DLC122914QE_RRAG_059_rep1,PXD012477
374,5.223634016748087,-1.0121411890147431,Intensity_1DLC121414QE_RRAG_015_rep4,PXD012477
375,6.097497064790421,-1.441023205800791,Intensity_1DLC012615QE_RRAG_001B_rep4,PXD012477
376,7.0223731719404245,-0.10856317699771632,Intensity_1DLC123114QE_RRAG_054_rep2,PXD012477
377,-1.073914508893455,-1.3126555727134046,Intensity_1DLC071015QE_RRAG_052B_rep4,PXD012477
378,-3.7260647818716137,-1.3485298565635881,Intensity_1DLC0080815QE_RRAG_001_rep1,PXD012477
379,-4.016939567238976,-1.394330963594181,Intensity_1DLC0080815QE_RRAG_001_rep2,PXD012477
380,-3.6949964869281566,-1.3387035936506213,Intensity_1DLC0080815QE_RRAG_017_rep2,PXD012477
381,6.387198930930502,-1.058424036617031,Intensity_1DLC122214QE_RRAG_033_rep3,PXD012477
382,8.529182085201384,1.7047933185012472,Intensity_1DLC121414QE_RRAG_012_rep4,PXD012477
383,5.252895029128531,-0.9782215640471712,Intensity_1DLC121414QE_RRAG_011_rep3,PXD012477
384,-3.4314457395401363,-1.4020387304075739,Intensity_1DLC051815QE_RRAG_019B_rep2,PXD012477
385,5.334629065272771,-0.6307457222745398,Intensity_1DLC121514QE_RRAG_022_rep4,PXD012477
386,-3.211521706055307,-0.8604892060362112,Intensity_1DLC061715QE_RRAG_038B_rep2,PXD012477
387,-4.085884607954878,-0.5680498921010061,Intensity_1DLC060615QE_RRAG_035B_rep3,PXD012477
388,6.3893422616516995,-0.6994331537843319,Intensity_1DLC122914QE_RRAG_058_rep2,PXD012477
389,8.512160547501715,-0.725719563154665,Intensity_1DLC120314QE_RRAG_007_rep3,PXD012477
390,-4.166917207403394,-0.8539570783358783,Intensity_1DLC060615QE_RRAG_034B_rep3,PXD012477
391,-3.880132559279072,-1.7077754822634132,Intensity_1DLC051815QE_RRAG_029B_rep1,PXD012477
392,7.276919340709936,0.3380287702662248,Intensity_1DLC121914QE_RRAG_032_rep1,PXD012477
393,6.658916300667833,-0.8553958047107071,Intensity_1DLC122514QE_RRAG_044_rep3,PXD012477
394,5.315222141427483,-0.3565512629787847,Intensity_1DLC012615QE_RRAG_010B_rep1,PXD012477
395,-5.303163513393324,-0.6281750095996053,Intensity_1DLC070815QE_RRAG_049B_rep1,PXD012477
396,-3.1416765104201376,-0.7669353613877771,Intensity_1DLC052815QE_RRAG_025B_rep4,PXD012477
397,6.244411634723804,-0.3529249102768948,Intensity_1DLC122914QE_RRAG_048_101414_rep2,PXD012477
398,9.09762465957828,1.5635429259094293,Intensity_1DLC122514QE_RRAG_043_rep1,PXD012477
399,-4.2421834283215185,-1.1590026016337143,Intensity_1DLC051815QE_RRAG_021B_rep4,PXD012477
400,1.720406455255582,-0.5000495544289337,Intensity_1DLC071015QE_RRAG_053B_rep4,PXD012477
401,6.387602314459681,-0.661809707916825,Intensity_1DLC122914QE_RRAG_056_rep4,PXD012477
402,-4.971051659637213,-1.5193185843135415,Intensity_1DLC051815QE_RRAG_017B_rep1,PXD012477
403,-4.985644982886408,-1.8054896587716402,Intensity_1DLC051815QE_RRAG_017B_rep4,PXD012477
404,-3.212983851082225,-0.29196847993798514,Intensity_1DLC070815QE_RRAG_049B_rep3,PXD012477
405,-5.119858693666652,-1.506250203829947,Intensity_1DLC0080815QE_RRAG_004_rep2,PXD012477
406,-4.326534202192755,-1.1311271109270369,Intensity_1DLC0080815QE_RRAG_003_rep2,PXD012477
407,7.86590116139994,-0.6454200957542053,Intensity_1DLC120314QE_RRAG_007_rep4,PXD012477
408,5.561355932303548,-1.365660753712838,Intensity_1DLC012615QE_RRAG_015B_rep4,PXD012477
409,4.567323328236962,-0.6896570248337774,Intensity_1DLC121514QE_RRAG_018_rep2,PXD012477
410,-3.771948888167876,-1.4670438221180302,Intensity_1DLC070815QE_RRAG_049B_rep4,PXD012477
411,5.626435593397042,-0.5756705833507549,Intensity_1DLC121414QE_RRAG_015_rep2,PXD012477
412,-2.565534157411216,-0.26073755360222645,Intensity_1DLC071015QE_RRAG_054B_rep4,PXD012477
413,6.276959340695777,-0.6574489182048351,Intensity_1DLC012615QE_RRAG_009B_rep3,PXD012477
414,5.164397101961023,-0.9459304264101847,Intensity_1DLC122514QE_RRAG_042_rep3,PXD012477
415,5.529014777256896,-1.0241411366508635,Intensity_1DLC121914QE_RRAG_031_rep3,PXD012477
416,7.595330699609973,-0.2504601370755231,Intensity_1DLC120914QE_RRAG_010_rep3,PXD012477
417,4.524470742460626,-1.1198086685891708,Intensity_1DLC121514QE_RRAG_023_rep2,PXD012477
418,5.1212754610240605,-0.8501355670153138,Intensity_1DLC122514QE_RRAG_042_rep2,PXD012477
419,6.98325107353735,-0.374197465410262,Intensity_1DLC122914QE_RRAG_060_rep1,PXD012477
420,6.704967629990843,-0.5847321904675834,Intensity_1DLC012615QE_RRAG_013B_rep3,PXD012477
421,4.714467651932059,-1.0919162668834095,Intensity_1DLC121514QE_RRAG_020_rep4,PXD012477
422,3.4380294008717636,-0.2359856999307087,Intensity_1DLC120914QE_RRAG_009_rep1,PXD012477
423,6.618918481950015,-0.017318836365980975,Intensity_1DLC122514QE_RRAG_047_101314_rep2,PXD012477
424,-3.1440505266326495,-1.6092294594014762,Intensity_1DLC071515QE_RRAG_064B_rep1,PXD012477
425,6.082575751344092,-1.2282114869343452,Intensity_1DLC012615QE_RRAG_003B_rep2,PXD012477
426,-4.180142922296545,-1.1317776682715528,Intensity_1DLC060615QE_RRAG_033B_rep1,PXD012477
427,-3.342337877244778,-1.8944172420053906,Intensity_1DLC051815QE_RRAG_020B_rep1,PXD012477
428,-3.3356930089164325,-1.7997530983035812,Intensity_1DLC061715QE_RRAG_042B_rep3,PXD012477
429,7.399065962232869,0.5217468060138488,Intensity_1DLC121914QE_RRAG_026_rep3,PXD012477
430,4.720643158573718,-1.5307917692677058,Intensity_1DLC121414QE_RRAG_015_rep3,PXD012477
431,6.289362297633552,-1.0239488441614284,Intensity_1DLC012615QE_RRAG_002B_rep4,PXD012477
432,5.667346057920419,-0.7572892043681506,Intensity_1DLC012615QE_RRAG_010B_rep4,PXD012477
433,-3.7525721251749236,-1.1829794708946926,Intensity_1DLC051815QE_RRAG_028B_rep2,PXD012477
434,0.009818462810716577,-0.4470336946416943,Intensity_1DLC070815QE_RRAG_051B_rep3,PXD012477
435,7.041882520555332,-0.8715678987827429,Intensity_1DLC012615QE_RRAG_008B_rep3,PXD012477
436,-2.9526056047722555,-1.3640595046513302,Intensity_1DLC071515QE_RRAG_064B_rep2,PXD012477
437,-4.160282939654856,-0.6625136906611052,Intensity_1DLC052815QE_RRAG_025B_rep1,PXD012477
438,-2.9341262808124595,-1.7321132129509147,Intensity_1DLC051815QE_RRAG_021B_rep2,PXD012477
439,6.551333036705093,-0.7394749460589538,Intensity_1DLC122914QE_RRAG_056_rep1,PXD012477
440,6.193542908909161,-0.9827014308510668,Intensity_1DLC012615QE_RRAG_005B_rep1,PXD012477
441,6.730541173983535,-0.6355270548681381,Intensity_1DLC123114QE_RRAG_061_rep3,PXD012477
442,5.627517620892805,-0.6047166927964204,Intensity_1DLC121914QE_RRAG_029_rep1,PXD012477
443,7.463929011726991,0.9745958618970801,Intensity_1DLC122214QE_RRAG_038_rep3,PXD012477
444,6.529924838550413,-0.7926723297877589,Intensity_1DLC122514QE_RRAG_051_rep1,PXD012477
445,-1.6147722988371631,-1.7980887039607,Intensity_1DLC062715QE_RRAG_048B_rep3,PXD012477
446,-4.21843250855135,-0.9914222484983273,Intensity_1DLC071515QE_RRAG_056B_rep2,PXD012477
447,5.813473861996975,-0.6169489361399287,Intensity_1DLC121414QE_RRAG_014_rep4,PXD012477
448,-5.10899059452603,-1.0847529906414737,Intensity_1DLC0080815QE_RRAG_019_rep2,PXD012477
449,6.188389796342645,-0.5495054628379338,Intensity_1DLC122514QE_RRAG_050_rep2,PXD012477
450,-3.286824109768513,-1.8143500440170073,Intensity_1DLC061715QE_RRAG_042B_rep4,PXD012477
451,6.070587149005769,-0.8009007730128234,Intensity_1DLC122214QE_RRAG_037_rep2,PXD012477
452,6.643527342793702,-0.20917510082655077,Intensity_1DLC122914QE_RRAG_060_rep2,PXD012477
453,6.233726373366648,-1.003450169090985,Intensity_1DLC122214QE_RRAG_040_rep3,PXD012477
454,-1.5586323749472062,0.3969311274744748,Intensity_1DLC071015QE_RRAG_055B_rep1,PXD012477
455,6.6511900243078,-1.28631900885791,Intensity_1DLC012615QE_RRAG_014B_rep1,PXD012477
456,-4.436149715176523,-1.185193831789765,Intensity_1DLC060615QE_RRAG_035B_rep4,PXD012477
457,7.473270055481304,-0.13122594992861508,Intensity_1DLC122514QE_RRAG_045_rep1,PXD012477
458,-3.8504307912612052,-1.4751994713354473,Intensity_1DLC061715QE_RRAG_042B_rep2,PXD012477
459,-3.802904254483263,-0.9865245244751274,Intensity_1DLC060615QE_RRAG_037B_rep2,PXD012477
460,-1.2042386269421133,0.3265147670180035,Intensity_1DLC071015QE_RRAG_055B_rep4,PXD012477
461,8.628099363751307,1.0777187537193225,Intensity_1DLC121414QE_RRAG_012_rep1,PXD012477
462,6.592613500648867,-0.8955133624043756,Intensity_1DLC012615QE_RRAG_005B_rep4,PXD012477
463,3.346581839253912,-0.5736923775015131,Intensity_1DLC120914QE_RRAG_009_rep2,PXD012477
464,6.707335688316223,-0.03633356164011599,Intensity_1DLC121414QE_RRAG_014_rep1,PXD012477
465,-2.073298706017541,-1.058926149660978,Intensity_1DLC060615QE_RRAG_030B_rep2,PXD012477
466,5.879877677620869,-0.7523695381368605,Intensity_1DLC122214QE_RRAG_033_rep2,PXD012477
467,-2.080310414857145,-1.2407671043042998,Intensity_1DLC071515QE_RRAG_061B_rep3,PXD012477
468,6.976362132959025,-0.6014910926805676,Intensity_1DLC123114QE_RRAG_063_rep3,PXD012477
469,-3.914942868656849,-1.590061701475335,Intensity_1DLC060615QE_RRAG_031B_rep3,PXD012477
470,6.881223445736701,-0.6135700572877154,Intensity_1DLC012615QE_RRAG_008B_rep4,PXD012477
471,7.057868131482014,0.7028324127769412,Intensity_1DLC121914QE_RRAG_026_rep4,PXD012477
472,5.54076658467742,-1.4103698911309919,Intensity_1DLC123114QE_RRAG_064_rep3,PXD012477
473,8.265609988772196,1.7880590242156078,Intensity_1DLC121414QE_RRAG_012_rep3,PXD012477
474,8.244994738110893,0.7671398518856571,Intensity_1DLC122214QE_RRAG_038_rep4,PXD012477
475,-3.4185722273529504,-1.7868860971290006,Intensity_1DLC071515QE_RRAG_062B_rep4,PXD012477
476,-2.6473991692783847,-0.9947192924468837,Intensity_1DLC061715QE_RRAG_040B_rep4,PXD012477
477,7.13372700461293,0.4246506907288729,Intensity_1DLC123114QE_RRAG_054_rep1,PXD012477
478,-3.3318643580177536,-1.781076206602908,Intensity_1DLC062715QE_RRAG_046B_rep2,PXD012477
479,-3.008580928698451,-1.674333683695555,Intensity_1DLC062715QE_RRAG_044B_rep3,PXD012477
480,0.671034955335877,-0.1448911860977734,Intensity_1DLC071515QE_RRAG_059B_rep3,PXD012477
481,-2.2881880970058677,-0.3888698509405569,Intensity_1DLC061715QE_RRAG_041B_rep2,PXD012477
482,-2.6772398305243614,-0.6164606265347182,Intensity_1DLC062715QE_RRAG_043B_rep4,PXD012477
483,4.704775286426941,0.464871168060168,Intensity_1DLC120314QE_RRAG_008_rep1,PXD012477
484,-2.892552379590312,-0.584573716025698,Intensity_1DLC071515QE_RRAG_060B_rep1,PXD012477
485,-2.5679686494251026,-1.0521187268847394,Intensity_1DLC060615QE_RRAG_030B_rep3,PXD012477
486,5.398898204658684,-0.7803882839149113,Intensity_1DLC121514QE_RRAG_020_rep1,PXD012477
487,6.1456108308562625,-0.5276561062300879,Intensity_1DLC121914QE_RRAG_027_rep1,PXD012477
488,-2.844436798579227,-1.500279788511738,Intensity_1DLC062715QE_RRAG_045B_rep3,PXD012477
489,7.52574605588512,-1.2881542542223503,Intensity_1DLC012615QE_RRAG_004B_rep1,PXD012477
490,8.2394277412991,0.5135571875124852,Intensity_1DLC012615QE_RRAG_012B_rep1,PXD012477
491,5.749738395979736,-0.47316415118275545,Intensity_1DLC121414QE_RRAG_011_rep1,PXD012477
492,6.683229274177112,-1.920067349927872,Intensity_1DLC012615QE_RRAG_016B_rep1,PXD012477
493,6.502886366962858,0.2616740589481129,Intensity_1DLC012615QE_RRAG_009B_rep1,PXD012477
494,6.033611343901203,-0.6134291584264391,Intensity_1DLC122214QE_RRAG_035_rep1,PXD012477
495,7.064514314881576,-0.02528689744903402,Intensity_1DLC121914QE_RRAG_030_rep1,PXD012477
496,7.266135671415565,0.39229840760573415,Intensity_1DLC122514QE_RRAG_049_rep1,PXD012477
497,-2.0412463485854726,-0.37734118561435603,Intensity_1DLC071015QE_RRAG_054B_rep2,PXD012477
498,7.287832236461496,-0.9089270548622664,Intensity_1DLC123114QE_RRAG_061_rep1,PXD012477
499,6.828434922023266,-0.5681441462353896,Intensity_1DLC122214QE_RRAG_039_rep3,PXD012477
500,3.776308811281272,-1.2995201113837278,Intensity_1DLC121514QE_RRAG_023_rep1,PXD012477
501,5.973875200620073,-0.38868702600001676,Intensity_1DLC121514QE_RRAG_022_rep1,PXD012477
502,-3.1750883726743786,-1.8909678411205457,Intensity_1DLC052815QE_RRAG_024B_rep3,PXD012477
503,-3.79736102235046,-0.7127998104511649,Intensity_1DLC0080815QE_RRAG_002_rep1,PXD012477
504,7.000051017840968,0.41079279874167285,Intensity_1DLC123114QE_RRAG_054_rep3,PXD012477
505,8.030296564051389,2.198853330439682,Intensity_1DLC122514QE_RRAG_043_rep4,PXD012477
506,4.5566322943092,-0.7933556515740915,Intensity_1DLC121514QE_RRAG_020_rep3,PXD012477
507,5.352582025445287,-1.161328820117702,Intensity_1DLC121914QE_RRAG_029_rep2,PXD012477
508,5.411329568665625,-0.9218701431543224,Intensity_1DLC121914QE_RRAG_029_rep3,PXD012477
509,5.102356781875737,-1.144382613490922,Intensity_1DLC121914QE_RRAG_031_rep4,PXD012477
510,5.130394534386557,0.3887143227326027,Intensity_1DLC120314QE_RRAG_002_rep1,PXD012477
511,-4.935122885020557,-0.9520468124213001,Intensity_1DLC0080815QE_RRAG_003_rep1,PXD012477
512,3.7987650826580044,-1.4429413045909272,Intensity_1DLC121514QE_RRAG_023_rep4,PXD012477
513,-3.966385869927124,-1.0759569041813937,Intensity_1DLC060615QE_RRAG_036B_rep1,PXD012477
514,-2.894308995455268,-1.0275107879506,Intensity_1DLC060615QE_RRAG_032B_rep4,PXD012477
515,5.941000916545189,-0.809569862339191,Intensity_1DLC012615QE_RRAG_005B_rep2,PXD012477
516,6.596109055717884,0.821218500276078,Intensity_1DLC122514QE_RRAG_041_rep3,PXD012477
517,-2.748045249973999,-1.4969818285824719,Intensity_1DLC062715QE_RRAG_044B_rep2,PXD012477
518,6.26255943649413,-0.52019341637853,Intensity_1DLC122214QE_RRAG_035_rep2,PXD012477
519,7.054418015752959,0.52684427537872,Intensity_1DLC012615QE_RRAG_002B_rep2,PXD012477
520,5.339326785260609,-0.8406974144975412,Intensity_1DLC122214QE_RRAG_035_rep3,PXD012477
521,4.284690918312922,-0.45886093415490364,Intensity_1DLC120914QE_RRAG_010_rep1,PXD012477
522,4.58769523663681,1.5123054407094871,Intensity_1DLC120314QE_RRAG_002_rep2,PXD012477
523,7.380500950479357,-1.0583091089250294,Intensity_1DLC012615QE_RRAG_004B_rep2,PXD012477
524,-4.720303117914932,-1.660580732086923,Intensity_1DLC0080815QE_RRAG_018_rep1,PXD012477
525,-4.157254453927229,-1.5746311826525259,Intensity_1DLC060615QE_RRAG_033B_rep3,PXD012477
526,6.4127647239316605,-0.5269745263478864,Intensity_1DLC121914QE_RRAG_027_rep2,PXD012477
527,-2.553312818842656,-0.38369963323482076,Intensity_1DLC061715QE_RRAG_041B_rep1,PXD012477
528,-0.6346385975331156,-0.4687302912555035,Intensity_1DLC071015QE_RRAG_053B_rep1,PXD012477
529,5.789166240950954,-0.3421788950210507,Intensity_1DLC122514QE_RRAG_048_101314_rep1,PXD012477
530,6.745054364469513,-0.9177263739773432,Intensity_1DLC122214QE_RRAG_036_rep4,PXD012477
531,6.441880488660867,-0.7110279408959053,Intensity_1DLC122214QE_RRAG_036_rep1,PXD012477
532,-3.425620411232634,-0.34010973440168873,Intensity_1DLC060615QE_RRAG_037B_rep3,PXD012477
533,5.654791299144189,-0.771882623173212,Intensity_1DLC121514QE_RRAG_022_rep3,PXD012477
534,6.276592243355162,0.7383072993606677,Intensity_1DLC122914QE_RRAG_055_rep3,PXD012477
535,7.785411750656279,-0.8916569370472206,Intensity_1DLC012615QE_RRAG_006B_rep3,PXD012477
536,-2.601900111865042,-0.7052126778898674,Intensity_1DLC061715QE_RRAG_038B_rep4,PXD012477
537,8.4708388273741,1.3327265121653042,Intensity_1DLC121414QE_RRAG_012_rep2,PXD012477
538,-3.7098508004625113,-1.4514100616924392,Intensity_1DLC051815QE_RRAG_018B_rep2,PXD012477
539,7.508100871707875,0.7842551194143554,Intensity_1DLC012615QE_RRAG_007B_rep1,PXD012477
540,-6.491176712551043,8.848786708044516,Intensity_20180618_QX0_JaBa_SA_LC12_5_CSF1_1_8-1xD1xS1fM1R2_library_AD2_fraction01,PXD016278
541,-4.942407998565203,10.143429315800072,Intensity_20180618_QX0_JaBa_SA_LC12_5_CSF1_1_8-1xD1xS1fM1R2_library_AD2_fraction02R2,PXD016278
542,-3.136539773587481,11.075735631878747,Intensity_20180618_QX0_JaBa_SA_LC12_5_CSF1_1_8-1xD1xS1fM1R2_library_AD2_fraction03_R2,PXD016278
543,-2.2447189321813714,12.323446393518527,Intensity_20180618_QX0_JaBa_SA_LC12_5_CSF1_1_8-1xD1xS1fM1R2_library_AD2_fraction04_R2,PXD016278
544,-4.614374142867101,10.243947841278041,Intensity_20180618_QX0_JaBa_SA_LC12_5_CSF1_1_8-1xD1xS1fM1R2_library_AD2_fraction05_R2,PXD016278
545,-5.464939390574346,9.106648701052249,Intensity_20180618_QX0_JaBa_SA_LC12_5_CSF1_1_8-1xD1xS1fM1R2_library_AD2_fraction06_R2,PXD016278
546,-2.954438825033101,10.892189290749368,Intensity_20180618_QX0_JaBa_SA_LC12_5_CSF1_1_8-1xD1xS1fM1R2_library_AD2_fraction07_R2,PXD016278
547,-3.595128177164428,10.292590509892003,Intensity_20180618_QX0_JaBa_SA_LC12_5_CSF1_1_8-1xD1xS1fM1R2_library_AD2_fraction08_R2,PXD016278
548,-2.8355309295658033,11.767990663330611,Intensity_20180618_QX0_JaBa_SA_LC12_5_CSF1_1_8-1xD1xS1fM1R2_library_AD2_fraction09_R2,PXD016278
549,-3.775856528671632,13.000340415280542,Intensity_20180618_QX0_JaBa_SA_LC12_5_CSF1_1_8-1xD1xS1fM1R2_library_AD2_fraction10_R2,PXD016278
550,-4.141791010672306,10.47054407647999,Intensity_20180618_QX0_JaBa_SA_LC12_5_CSF1_1_8-1xD1xS1fM1R2_library_AD2_fraction11_180630160426,PXD016278
551,-5.169364024412374,9.110630274486166,Intensity_20180618_QX0_JaBa_SA_LC12_5_CSF1_1_8-1xD1xS1fM1R2_library_AD2_fraction12,PXD016278
552,-4.641820506289236,8.91111211338058,Intensity_20180618_QX0_JaBa_SA_LC12_5_CSF1_1_8-1xD1xS1fM1R2_library_AD2_fraction13,PXD016278
553,-5.13458387291231,10.732730819030763,Intensity_20180618_QX0_JaBa_SA_LC12_5_CSF1_1_8-1xD1xS1fM1R2_library_AD2_fraction14,PXD016278
554,-5.373723160436626,11.17575869909307,Intensity_20180618_QX0_JaBa_SA_LC12_5_CSF1_1_8-1xD1xS1fM1R2_library_AD2_fraction15,PXD016278
555,-5.805130227073554,10.468420003929477,Intensity_20180618_QX0_JaBa_SA_LC12_5_CSF1_1_8-1xD1xS1fM1R2_library_AD2_fraction16,PXD016278
556,-5.795753071859467,10.821816199441532,Intensity_20180618_QX0_JaBa_SA_LC12_5_CSF1_1_8-1xD1xS1fM1R2_library_AD2_fraction17,PXD016278
557,-4.6033295998563855,10.715769706758099,Intensity_20180618_QX0_JaBa_SA_LC12_5_CSF1_1_8-1xD1xS1fM1R2_library_AD2_fraction18,PXD016278
558,-3.565138359476834,11.185436462299686,Intensity_20180618_QX0_JaBa_SA_LC12_5_CSF1_1_8-1xD1xS1fM1R2_library_AD2_fraction19,PXD016278
559,-4.280117856528797,10.721147826455464,Intensity_20180618_QX0_JaBa_SA_LC12_5_CSF1_1_8-1xD1xS1fM1R2_library_AD2_fraction20,PXD016278
560,-6.196807877116769,9.572341971699034,Intensity_20180618_QX0_JaBa_SA_LC12_5_CSF1_1_8-1xD1xS1fM1R2_library_AD2_fraction21,PXD016278
561,-5.497994961467308,9.44989043140075,Intensity_20180618_QX0_JaBa_SA_LC12_5_CSF1_1_8-1xD1xS1fM1R2_library_AD2_fraction22,PXD016278
562,-4.668989872602126,11.045026458997734,Intensity_20180618_QX0_JaBa_SA_LC12_5_CSF1_1_8-1xD1xS1fM1R2_library_AD2_fraction23,PXD016278
563,-4.876972899212446,10.651499971513033,Intensity_20180618_QX0_JaBa_SA_LC12_5_CSF1_1_8-1xD1xS1fM1R2_library_AD2_fraction24,PXD016278
564,-4.25054829233592,11.751438067751087,Intensity_20180618_QX0_JaBa_SA_LC12_5_CSF1_1_8-1xD1xS1fM1R2_library_ctrl2_fraction01,PXD016278
565,-4.136653269958979,11.719655819704535,Intensity_20180618_QX0_JaBa_SA_LC12_5_CSF1_1_8-1xD1xS1fM1R2_library_ctrl2_fraction02R2,PXD016278
566,-3.5768498359695413,12.81611465681875,Intensity_20180618_QX0_JaBa_SA_LC12_5_CSF1_1_8-1xD1xS1fM1R2_library_ctrl2_fraction03,PXD016278
567,-3.3587542827216694,12.820107365952788,Intensity_20180618_QX0_JaBa_SA_LC12_5_CSF1_1_8-1xD1xS1fM1R2_library_ctrl2_fraction04,PXD016278
568,-3.312391053945683,13.448091084632274,Intensity_20180618_QX0_JaBa_SA_LC12_5_CSF1_1_8-1xD1xS1fM1R2_library_ctrl2_fraction05,PXD016278
569,-4.750527919183786,12.652077345262924,Intensity_20180618_QX0_JaBa_SA_LC12_5_CSF1_1_8-1xD1xS1fM1R2_library_ctrl2_fraction06,PXD016278
570,-3.8333878889235766,12.273974401193371,Intensity_20180618_QX0_JaBa_SA_LC12_5_CSF1_1_8-1xD1xS1fM1R2_library_ctrl2_fraction07,PXD016278
571,-2.4552629482977104,12.911844824773864,Intensity_20180618_QX0_JaBa_SA_LC12_5_CSF1_1_8-1xD1xS1fM1R2_library_ctrl2_fraction08,PXD016278
572,-4.358329214005357,10.76659052156195,Intensity_20180618_QX0_JaBa_SA_LC12_5_CSF1_1_8-1xD1xS1fM1R2_library_ctrl2_fraction09,PXD016278
573,-3.8672956908590788,12.564189179049091,Intensity_20180618_QX0_JaBa_SA_LC12_5_CSF1_1_8-1xD1xS1fM1R2_library_ctrl2_fraction10,PXD016278
574,-2.786352119513692,11.539995662731725,Intensity_20180618_QX0_JaBa_SA_LC12_5_CSF1_1_8-1xD1xS1fM1R2_library_ctrl2_fraction11,PXD016278
575,-4.336318145092206,12.11937533562244,Intensity_20180618_QX0_JaBa_SA_LC12_5_CSF1_1_8-1xD1xS1fM1R2_library_ctrl2_fraction12,PXD016278
576,-3.6131429787225486,14.308411700122402,Intensity_20180618_QX0_JaBa_SA_LC12_5_CSF1_1_8-1xD1xS1fM1R2_library_ctrl2_fraction13,PXD016278
577,-3.9409479861706767,14.366073998910249,Intensity_20180618_QX0_JaBa_SA_LC12_5_CSF1_1_8-1xD1xS1fM1R2_library_ctrl2_fraction14,PXD016278
578,-4.578784267623639,14.28993248625311,Intensity_20180618_QX0_JaBa_SA_LC12_5_CSF1_1_8-1xD1xS1fM1R2_library_ctrl2_fraction15,PXD016278
579,-3.9516044115517013,12.68614127004866,Intensity_20180618_QX0_JaBa_SA_LC12_5_CSF1_1_8-1xD1xS1fM1R2_library_ctrl2_fraction16,PXD016278
580,-4.494827091632181,11.500302646932772,Intensity_20180618_QX0_JaBa_SA_LC12_5_CSF1_1_8-1xD1xS1fM1R2_library_ctrl2_fraction17,PXD016278
581,-3.200006424565648,12.669615084481238,Intensity_20180618_QX0_JaBa_SA_LC12_5_CSF1_1_8-1xD1xS1fM1R2_library_ctrl2_fraction18,PXD016278
582,-3.2741485445779275,12.351325842283995,Intensity_20180618_QX0_JaBa_SA_LC12_5_CSF1_1_8-1xD1xS1fM1R2_library_ctrl2_fraction19,PXD016278
583,-3.214858890372016,13.082279719817354,Intensity_20180618_QX0_JaBa_SA_LC12_5_CSF1_1_8-1xD1xS1fM1R2_library_ctrl2_fraction20,PXD016278
584,-2.721299617277801,12.4806134068047,Intensity_20180618_QX0_JaBa_SA_LC12_5_CSF1_1_8-1xD1xS1fM1R2_library_ctrl2_fraction21,PXD016278
585,-1.1843215451192664,15.05235251579205,Intensity_20180618_QX0_JaBa_SA_LC12_5_CSF1_1_8-1xD1xS1fM1R2_library_ctrl2_fraction22,PXD016278
586,-2.763001945975033,13.24572858548827,Intensity_20180618_QX0_JaBa_SA_LC12_5_CSF1_1_8-1xD1xS1fM1R2_library_ctrl2_fraction23,PXD016278
587,-4.084903123567677,13.12504006647332,Intensity_20180618_QX0_JaBa_SA_LC12_5_CSF1_1_8-1xD1xS1fM1R2_library_ctrl2_fraction24,PXD016278
588,-10.237343100784997,-1.0967741289121424,Intensity_qe1_2019oct05_05_uc190822_dw35_1c,PXD018549
589,-10.332256788433206,-0.5588863763189644,Intensity_qe1_2019oct05_17_uc190822_dw35_4c,PXD018549
590,-9.884603867826558,-1.3261006699281732,Intensity_qe1_2019oct05_06_uc190822_dw35_1b,PXD018549
591,-10.085014228092987,-1.4905484173299484,Intensity_qe1_2019oct05_18_uc190822_dw35_4b,PXD018549
592,-10.484528327635559,-1.230642415784873,Intensity_qe1_2019oct05_07_uc190822_dw35_1a,PXD018549
593,-10.391580654155037,-1.1904385867026648,Intensity_qe1_2019oct05_19_uc190822_dw35_4a,PXD018549
594,-10.599806701150497,-1.3604316673887775,Intensity_qe1_2019oct05_09_uc190822_dw35_2c,PXD018549
595,-10.180290287235113,-1.4977769978862554,Intensity_qe1_2019oct05_21_uc190822_dw35_5c,PXD018549
596,-9.82597826068259,-1.8836440476594698,Intensity_qe1_2019oct05_10_uc190822_dw35_2b,PXD018549
597,-10.029040470399574,-1.4242867033591218,Intensity_qe1_2019oct05_22_uc190822_dw35_5b,PXD018549
598,-10.608111531537048,-1.5085432320181746,Intensity_qe1_2019oct05_11_uc190822_dw35_2a,PXD018549
599,-10.534287178166721,-1.2461226400064773,Intensity_qe1_2019oct05_23_uc190822_dw35_5a,PXD018549
600,-8.309235127081134,3.429839148936515,Intensity_qe2_192801_P19-UCh_06_DW29_3_Top1_NoIodo,PXD018549
601,-10.503235940752601,-1.001056472492425,Intensity_qe1_2019oct05_13_uc190822_dw35_3c,PXD018549
602,-10.213393072006184,-1.563274267975985,Intensity_qe1_2019oct05_25_uc190822_dw35_6c,PXD018549
603,-9.88753285423782,-1.5961049688405624,Intensity_qe1_2019oct05_14_uc190822_dw35_3b,PXD018549
604,-9.895540312857117,-1.8189110116087046,Intensity_qe1_2019oct05_26_uc190822_dw35_6b,PXD018549
605,-10.299550091871446,-1.6176470758166561,Intensity_qe1_2019oct05_15_uc190822_dw35_3a,PXD018549
606,-10.530478571996616,-1.411631809666201,Intensity_qe1_2019oct05_27_uc190822_dw35_6a,PXD018549
607,-8.163948186735858,-0.695055065147873,Intensity_2020-07-14_MS_PG_Proteome_Davide_Casserini_CTRL_01_20200717061234,PXD022545
608,-7.820425897793828,-0.7963507202111635,Intensity_2020-07-14_MS_PG_Proteome_Davide_Casserini_CTRL_02_20200717083719,PXD022545
609,-8.188953550332451,-0.5781616443818269,Intensity_2020-07-14_MS_PG_Proteome_Davide_Casserini_CTRL_03_20200717110239,PXD022545
610,-7.907306869387694,-0.2030093608240016,Intensity_2020-07-14_MS_PG_Proteome_Davide_Casserini_H2O2_01,PXD022545
611,-8.128165932450369,-0.3803787587596533,Intensity_2020-07-14_MS_PG_Proteome_Davide_Casserini_H2O2_02,PXD022545
612,-8.041589084650537,-0.1791046166636579,Intensity_2020-07-14_MS_PG_Proteome_Davide_Casserini_H2O2_03,PXD022545
613,-11.41180357533973,-3.2983908113624123,Intensity_EC06-HTkUVA-BA4-P1147-2,PXD008050
614,-11.489519498013829,-3.396768710941554,Intensity_EC06-HTkUVA-BA5-P1148-2,PXD008050
615,-11.669095774576117,-3.459265294923801,Intensity_EC06-HTkUVpapc-BB3-P1152-2,PXD008050
616,-11.404574730983127,-3.284267999989558,Intensity_EC06-HTkUVA-BA6-P1149-2,PXD008050
617,-11.541208934362745,-3.385312488576356,Intensity_EC06-HTkCtrl-BA2-P1145-1,PXD008050
618,-11.372040265668536,-3.3975405575896014,Intensity_EC06-HTkUVA-BA4-P1147-1,PXD008050
619,-11.48319048175719,-3.4033259452111184,Intensity_EC06-HTkCtrl-BA1-P1144-1,PXD008050
620,-11.656229329247925,-3.5560493675673612,Intensity_EC06-HTkUVpapc-BB3-P1152-1,PXD008050
621,-11.439083799197508,-3.2521039218673553,Intensity_EC06-HTkUVA-BA5-P1148-1,PXD008050
622,-11.403011315191094,-3.3284813284923387,Intensity_EC06-HTkUVA-BA6-P1149-1,PXD008050
623,-11.473654135926537,-3.370790668284567,Intensity_EC06-HTkCtrl-BA1-P1144-2,PXD008050
624,-11.538166031980536,-3.265339790191262,Intensity_EC06-HTkCtrl-BA2-P1145-2,PXD008050
625,-11.570604689427674,-3.2877052369557362,Intensity_EC06-HTkUVpapc-BB1-P1150-1,PXD008050
626,-11.475836379320679,-3.3746927522550427,Intensity_EC06-HTkUVpapc-BB1-P1150-2,PXD008050
627,-11.466816263363613,-3.259966505287936,Intensity_EC06-HTkUVpapc-BB2-P1151-2,PXD008050
628,-11.458824781005159,-3.306894852342129,Intensity_EC06-HTkCtrl-BA3-P1146-2,PXD008050
629,-11.4864019639697,-3.3815399936970283,Intensity_EC06-HTkUVpapc-BB2-P1151-1,PXD008050
630,-11.489723826922239,-3.3556305555778496,Intensity_EC06-HTkCtrl-BA3-P1146-1,PXD008050
631,-8.626184161418808,-0.9132329838974146,Intensity_ad_pl01,PXD004010
632,-8.158700832396866,0.24081114099834094,Intensity_ad_pl08,PXD004010
633,-8.24946294121007,0.10152200626589683,Intensity_ad_pl09,PXD004010
634,-8.509592878391002,0.015916764792685487,Intensity_ad_pl10,PXD004010
635,-8.111704792538712,-0.9497683786584437,Intensity_ad_pl04,PXD004010
636,-8.386028897382593,-0.48486449114369595,Intensity_ad_pl02,PXD004010
637,-8.496120397828818,0.11189770165466408,Intensity_ad_pl05,PXD004010
638,-9.247184229024315,-0.18971239719903957,Intensity_ad_pl06,PXD004010
639,-8.221998115412541,0.5953390339921588,Intensity_ad_pl07,PXD004010
640,-8.192676065747268,0.5529887181976239,Intensity_ad_pl03,PXD004010
