,Sequence_base,Base Sequence,Protein Groups_base,Intensity_2020-07-14_MS_PG_Proteome_Davide_Casserini_CTRL_01_20200717061234_base,Intensity_2020-07-14_MS_PG_Proteome_Davide_Casserini_CTRL_02_20200717083719_base,Intensity_2020-07-14_MS_PG_Proteome_Davide_Casserini_CTRL_03_20200717110239_base,Unnamed: 17_base,Counts_base,median_base,Sequence_modified,Protein Groups_modified,Intensity_2020-07-14_MS_PG_Proteome_Davide_Casserini_CTRL_01_20200717061234_modified,Intensity_2020-07-14_MS_PG_Proteome_Davide_Casserini_CTRL_02_20200717083719_modified,Intensity_2020-07-14_MS_PG_Proteome_Davide_Casserini_CTRL_03_20200717110239_modified,Unnamed: 17_modified,Counts_modified,sepcounts,modifications,median_modified,Proportion,position,matched_peptide,proteins,UP_acc,ProtPos,RSA
0,AAFNSGKnan,AAFNSGK,G3P_HUMAN,6.192030838714022,6.295795698890833,6.221939231368868,,2.0,6.221939231368868,AAFNSGK3|[35]Oxidation[F],G3P_HUMAN,3.861168196968463,2.27793144404382,3.4060492422103916,,2,1,[35]Oxidation[F],3.4060492422103916,0.3537654050539358,3,AAFNSGK,G3P_HUMAN((21-28))((P04406)),P04406,P04406|3,0.12690355329949238
11,AASDIAMTELPPTHPIRnan,AASDIAMTELPPTHPIR,1433E_HUMAN,5.251764798920623,4.756966251785519,5.079801786196077,,2.0,5.079801786196077,AASDIAMTELPPTHPIR7|[35]oxidation[M],1433E_HUMAN,6.11469393630746,6.153787581410737,6.175219899736857,,2,1,[35]oxidation[M],6.153787581410737,0.5478024325115357,7,AASDIAMTELPPTHPIR,1433E_HUMAN((154-171))((P62258)),P62258,P62258|7,0.6914893617021277
52,AAYSFYNVHTQTPLLDLMSDALVLAKnan,AAYSFYNVHTQTPLLDLMSDALVLAK,NMT1_HUMAN,4.114522068796738,3.141346486768988,4.365991174373356,,2.0,4.114522068796738,AAYSFYNVHTQTPLLDLMSDALVLAK18|[35]oxidation[M],NMT1_HUMAN,4.438887459716617,4.298000172267081,5.042059056752624,,2,1,[35]oxidation[M],4.438887459716617,0.5189611750634986,18,AAYSFYNVHTQTPLLDLMSDALVLAK,NMT1_HUMAN((418-444))((P30419)),P30419,P30419|18,0.0
55,ADRDESSPYAAMLAAQDVAQRnan,ADRDESSPYAAMLAAQDVAQR,RS14_HUMAN,5.6274752578136145,5.3999985727200785,5.666350700806259,,2.0,5.6274752578136145,ADRDESSPYAAMLAAQDVAQR12|[35]oxidation[M],RS14_HUMAN,6.1196663362747,6.050584956475703,6.473483306286222,,2,1,[35]oxidation[M],6.1196663362747,0.5209493975414742,12,ADRDESSPYAAMLAAQDVAQR,RS14_HUMAN((64-85))((P62263)),P62263,P62263|12,0.35638297872340424
73,AKFEELNMDLFRnan,AKFEELNMDLFR,BIP_HUMAN,5.488965848049246,4.445771177881235,4.976617473108857,,2.0,4.976617473108857,AKFEELNMDLFR8|[35]oxidation[M],BIP_HUMAN,6.319785157614252,6.14696536826474,6.3769091570286704,,2,1,[35]oxidation[M],6.319785157614252,0.5594511247701259,8,AKFEELNMDLFR,BIP_HUMAN((325-337))((P11021)),P11021,P11021|8,0.2074468085106383
92,ALLLPDYYLVTVMLSGIKnan,ALLLPDYYLVTVMLSGIK,SND1_HUMAN,4.519542495753403,4.515632221014275,5.344742342301963,,2.0,4.519542495753403,ALLLPDYYLVTVMLSGIK13|[35]oxidation[M],SND1_HUMAN,4.5833871929483,4.444032219079698,5.297173840566285,,2,1,[35]oxidation[M],4.5833871929483,0.503506821395871,13,ALLLPDYYLVTVMLSGIK,SND1_HUMAN((210-228))((Q7KZF4)),Q7KZF4,Q7KZF4|13,0.1276595744680851
103,ALQDEWDAVMLHSFTLRnan,ALQDEWDAVMLHSFTLR,PRP19_HUMAN,5.393979181598655,4.700473243175497,5.069999059213546,,2.0,5.069999059213546,ALQDEWDAVMLHSFTLR10|[35]oxidation[M],PRP19_HUMAN,4.9912648857880475,4.611988653492027,5.236159339115698,,2,1,[35]oxidation[M],4.9912648857880475,0.4960872623034299,10,ALQDEWDAVMLHSFTLR,PRP19_HUMAN((77-94))((Q9UMS4)),Q9UMS4,Q9UMS4|10,0.34574468085106386
116,AQLHDTNMELTDLKnan,AQLHDTNMELTDLK,MYPT1_HUMAN,4.440601221064677,4.124642532022541,3.9891059432940783,,2.0,4.124642532022541,AQLHDTNMELTDLK8|[35]oxidation[M],MYPT1_HUMAN,5.715008564862656,5.723527579897991,5.480960966872954,,2,1,[35]oxidation[M],5.715008564862656,0.5808141476349479,8,AQLHDTNMELTDLK,MYPT1_HUMAN((948-962))((O14974)),O14974,O14974|8,0.6170212765957447
121,ATEGMVVADKnan,ATEGMVVADK,PSB7_HUMAN,4.253632357773441,4.294638988275592,4.063216664961002,,2.0,4.253632357773441,ATEGMVVADK5|[35]oxidation[M],PSB7_HUMAN,5.910128854934213,6.011842742076078,5.870573505666957,,2,1,[35]oxidation[M],5.910128854934213,0.5814903293423339,5,ATEGMVVADK,PSB7_HUMAN((63-73))((Q99436)),Q99436,Q99436|5,0.3351063829787234
134,DAGMQLQGYRnan,DAGMQLQGYR,AATM_HUMAN,3.2220712038881065,3.0979784575599734,3.5779355177424246,,2.0,3.2220712038881065,DAGMQLQGYR4|[35]oxidation[M],AATM_HUMAN,5.101405441861303,4.810417107157083,5.532816590097469,,2,1,[35]oxidation[M],5.101405441861303,0.6128935850942121,4,DAGMQLQGYR,AATM_HUMAN((171-181))((P00505)),P00505,P00505|4,0.010638297872340425
147,DDAMLLKnan,DDAMLLK,CH60_HUMAN,5.255884952623665,5.122002797389461,5.373078448376902,,2.0,5.255884952623665,DDAMLLK4|[35]oxidation[M],CH60_HUMAN,6.630396038858146,6.638811780051553,6.644850060366323,,2,1,[35]oxidation[M],6.638811780051553,0.5581320759372087,4,DDAMLLK,CH60_HUMAN((353-360))((P10809)),P10809,P10809|4,0.14893617021276595
178,DFLLQQTMLRnan,DFLLQQTMLR,LGUL_HUMAN,5.238223348603082,4.703807726643685,4.756655624933953,,2.0,4.756655624933953,DFLLQQTMLR8|[35]oxidation[M],LGUL_HUMAN,6.605117521119994,6.486649973713991,6.530996393127738,,2,1,[35]oxidation[M],6.530996393127738,0.5785965391808062,8,DFLLQQTMLR,LGUL_HUMAN((29-39))((Q04760)),Q04760,Q04760|8,0.05319148936170213
192,DFMIQGGDFTRnan,DFMIQGGDFTR,PPIB_HUMAN,5.1700935464412625,4.624973300018588,4.871310344265371,,2.0,4.871310344265371,DFMIQGGDFTR3|[35]oxidation[M],PPIB_HUMAN,6.70120702919126,6.616002164325095,6.799015520638367,,2,1,[35]oxidation[M],6.70120702919126,0.5790621705664077,3,DFMIQGGDFTR,PPIB_HUMAN((99-110))((P23284)),P23284,P23284|3,0.0
197,DFNMPLTISSLKnan,DFNMPLTISSLK,PDLI5_HUMAN,5.072134856010907,5.076339188508444,5.051730664411903,,2.0,5.072134856010907,DFNMPLTISSLK4|[35]oxidation[M],PDLI5_HUMAN,5.9180203079682085,5.899808520375366,6.14010297759901,,2,1,[35]oxidation[M],5.9180203079682085,0.5384837811357633,4,DFNMPLTISSLK,PDLI5_HUMAN((23-35))((Q96HC4)),Q96HC4,Q96HC4|4,0.35106382978723405
213,DGNVLLHEMQIQHPTASLIAKnan,DGNVLLHEMQIQHPTASLIAK,TCPZ_HUMAN,4.93570969883469,4.701765679473769,4.529105733124977,,2.0,4.701765679473769,DGNVLLHEMQIQHPTASLIAK9|[35]oxidation[M],TCPZ_HUMAN,6.05221370499063,6.014620374515694,6.327134090172288,,2,1,[35]oxidation[M],6.05221370499063,0.5627882933952696,9,DGNVLLHEMQIQHPTASLIAK,TCPZ_HUMAN((59-80))((P40227)),P40227,P40227|9,0.026595744680851064
219,DGPLNMILDDGGDLTNLIHTKnan,DGPLNMILDDGGDLTNLIHTK,SAHH_HUMAN,4.47820423984579,4.095183668678359,4.860438837824465,,2.0,4.47820423984579,DGPLNMILDDGGDLTNLIHTK6|[35]oxidation[M],SAHH_HUMAN,5.669407659922861,5.449731648253176,5.973503288508725,,2,1,[35]oxidation[M],5.669407659922861,0.5586937809527495,6,DGPLNMILDDGGDLTNLIHTK,SAHH_HUMAN((122-143))((P23526)),P23526,P23526|6,0.0
230,DHGVNSFLVYMAFKnan,DHGVNSFLVYMAFK,DPYL2_HUMAN,4.594986795866372,4.318227585542338,4.050900304572045,,2.0,4.318227585542338,DHGVNSFLVYMAFK11|[35]oxidation[M],DPYL2_HUMAN,6.211992013669642,6.095605205943442,6.079827165721335,,2,1,[35]oxidation[M],6.095605205943442,0.5853373419752939,11,DHGVNSFLVYMAFK,DPYL2_HUMAN((158-172))((Q16555)),Q16555,Q16555|11,0.0
243,DMDLTEVITGTLWNLSSHDSIKnan,DMDLTEVITGTLWNLSSHDSIK,CTND1_HUMAN,4.394185591287454,3.463327615037566,3.0064406052317105,,2.0,3.463327615037566,DMDLTEVITGTLWNLSSHDSIK2|[35]oxidation[M],CTND1_HUMAN,5.737427465730524,5.697227901210029,5.8301586746011544,,2,1,[35]oxidation[M],5.737427465730524,0.6235822403014728,2,DMDLTEVITGTLWNLSSHDSIK,CTND1_HUMAN((465-487))((O60716)),O60716,O60716|2,0.44680851063829785
262,DTGIFLDLMHLKnan,DTGIFLDLMHLK,XRCC6_HUMAN,4.669843505351922,3.693670044540736,4.637995075545055,,2.0,4.637995075545055,DTGIFLDLMHLK9|[35]oxidation[M],XRCC6_HUMAN,5.213000779466858,4.684411932029647,,,2,1,[35]oxidation[M],4.948706355748253,0.5162053278924992,9,DTGIFLDLMHLK,XRCC6_HUMAN((195-207))((P12956)),P12956,P12956|9,0.026595744680851064
269,DVSSVELLMNNHQGIKnan,DVSSVELLMNNHQGIK,SPTB2_HUMAN,5.617182728127749,5.5353479511176165,5.404937067931118,,2.0,5.5353479511176165,DVSSVELLMNNHQGIK9|[35]oxidation[M],SPTB2_HUMAN,6.362311054890375,6.421612372658544,6.372826717509535,,2,1,[35]oxidation[M],6.372826717509535,0.535164027640538,9,DVSSVELLMNNHQGIK,SPTB2_HUMAN((1942-1958))((Q01082)),Q01082,Q01082|9,0.2127659574468085
277,DYLLMEEEFIRnan,DYLLMEEEFIR,PRS4_HUMAN,4.157994709536769,3.684685332509353,3.5299450896387086,,2.0,3.684685332509353,DYLLMEEEFIR5|[35]oxidation[M],PRS4_HUMAN,5.776355966198074,5.726340399706006,5.705666632285494,,2,1,[35]oxidation[M],5.726340399706006,0.6084714421833828,5,DYLLMEEEFIR,PRS4_HUMAN((70-81))((P62191)),P62191,P62191|5,0.35638297872340424
279,EAYMGNVLQGGEGQAPTRnan,EAYMGNVLQGGEGQAPTR,THIL_HUMAN,4.235939429209079,3.9441391760595366,3.685777990043919,,2.0,3.9441391760595366,EAYMGNVLQGGEGQAPTR4|[35]oxidation[M],THIL_HUMAN,5.446631003651283,5.379110419427034,5.609539666055154,,2,1,[35]oxidation[M],5.446631003651283,0.5799983280837788,4,EAYMGNVLQGGEGQAPTR,THIL_HUMAN((88-106))((P24752)),P24752,P24752|4,0.005319148936170213
317,EHPWEVMPDLYFYRDPEEIEKnan,EHPWEVMPDLYFYRDPEEIEK,RSSA_HUMAN,5.70113288762127,5.389449852775992,5.609772002632971,,2.0,5.609772002632971,EHPWEVMPDLYFYRDPEEIEK7|[35]oxidation[M],RSSA_HUMAN,6.635449328831566,6.433775929669905,6.521632132791547,,2,1,[35]oxidation[M],6.521632132791547,0.5375826293469147,7,EHPWEVMPDLYFYRDPEEIEK,RSSA_HUMAN((192-213))((P08865)),P08865,P08865|7,0.28191489361702127
335,ELGDVLFQMAEVHRnan,ELGDVLFQMAEVHR,BAIP2_HUMAN,4.493219557740783,4.224719113646318,4.093677401695245,,2.0,4.224719113646318,ELGDVLFQMAEVHR9|[35]oxidation[M],BAIP2_HUMAN,5.0454748901427635,5.141719780845057,4.9849668502848345,,2,1,[35]oxidation[M],5.0454748901427635,0.5442685329002269,9,ELGDVLFQMAEVHR,BAIP2_HUMAN((71-85))((Q9UQB8)),Q9UQB8,Q9UQB8|9,0.047872340425531915
374,EQLGPVTQEFWDNLEKnan,EQLGPVTQEFWDNLEK,P15497,4.546182159900913,4.59833073526083,4.05808587661137,,2.0,4.546182159900913,EQLGPVTQEFWDNLEK11|[351]Trp->Kynurenin[W],sp|P15497,4.699596454807551,4.760729919704025,4.638588283054514,,2,1,[351]Trp->Kynurenin[W],4.699596454807551,0.5082964508074302,11,EQLGPVTQEFWDNLEK,APOA1_HUMAN((86-102))((P02647))||sp|P15497((85-101))((sp|P15497)),P02647||P15497,P02647||P15497|11,0.5594713656387665
388,ERVEAVNMAEGIIHDTETKnan,ERVEAVNMAEGIIHDTETK,GRP75_HUMAN,2.103658541723408,2.8551216932554713,5.061890863181472,,2.0,2.8551216932554713,ERVEAVNMAEGIIHDTETK8|[35]oxidation[M],GRP75_HUMAN,6.49665978823257,6.359189549842672,6.251923437541936,,2,1,[35]oxidation[M],6.359189549842672,0.6901426902207083,8,ERVEAVNMAEGIIHDTETK,GRP75_HUMAN((577-596))((P38646)),P38646,P38646|8,0.39361702127659576
421,EVPLSALTNILSAQLISHWKnan,EVPLSALTNILSAQLISHWK,PAI1_HUMAN,6.665337815240874,6.54622571260816,6.887059149151941,,2.0,6.665337815240874,EVPLSALTNILSAQLISHWK19|[351]Trp->Kynurenin[W],PAI1_HUMAN,4.529702465898069,3.8608646321917695,3.875518199289636,,2,1,[351]Trp->Kynurenin[W],3.875518199289636,0.3676663635237267,19,EVPLSALTNILSAQLISHWK,PAI1_HUMAN((267-287))((P05121)),P05121,P05121|19,0.02643171806167401
439,FTTGDAMSKnan,FTTGDAMSK,COTL1_HUMAN,5.579350140408377,5.320476590068799,4.851181386824573,,2.0,5.320476590068799,FTTGDAMSK7|[35]oxidation[M],COTL1_HUMAN,7.050501843429115,7.067637706295409,7.119003732472487,,2,1,[35]oxidation[M],7.067637706295409,0.5705176378918051,7,FTTGDAMSK,COTL1_HUMAN((64-73))((Q14019)),Q14019,Q14019|7,0.9946808510638298
450,FVIPDFMSFTSHIDELYESAKnan,FVIPDFMSFTSHIDELYESAK,GLSK_HUMAN,6.290417135375207,5.546899725850631,5.738925953051002,,2.0,5.738925953051002,FVIPDFMSFTSHIDELYESAK7|[35]oxidation[M],GLSK_HUMAN,6.4071882447312545,6.022644917514116,6.44931154924223,,2,1,[35]oxidation[M],6.4071882447312545,0.5275093038316019,7,FVIPDFMSFTSHIDELYESAK,GLSK_HUMAN((219-240))((O94925)),O94925,O94925|7,0.4308510638297872
465,GADINAPDKnan,GADINAPDK,MTPN_HUMAN,7.014704774652667,6.925063698154087,6.9433271551403495,,2.0,6.9433271551403495,GADINAPDK5|[35]Oxidation[N],MTPN_HUMAN,6.059099324473478,6.075265541708031,5.789187239603134,,2,1,[35]Oxidation[N],6.059099324473478,0.4659975839104636,5,GADINAPDK,MTPN_HUMAN((58-67))((P58546)),P58546,P58546|5,0.3503184713375796
475,GAEVAHFMNALRnan,GAEVAHFMNALR,5NTD_HUMAN,4.889506828010671,4.521400413702786,4.46864830272537,,2.0,4.521400413702786,GAEVAHFMNALR8|[35]oxidation[M],5NTD_HUMAN,4.895295704312426,4.933666979499814,5.068574590055923,,2,1,[35]oxidation[M],4.933666979499814,0.5218013552232009,8,GAEVAHFMNALR,5NTD_HUMAN((98-110))((P21589)),P21589,P21589|8,0.02127659574468085
477,GDQENVHPDVMLVQPRnan,GDQENVHPDVMLVQPR,IMB1_HUMAN,4.671411829057186,4.410753395032913,4.824027941217751,,2.0,4.671411829057186,GDQENVHPDVMLVQPR11|[35]oxidation[M],IMB1_HUMAN,6.047569744208887,6.121850776751665,6.150921911198712,,2,1,[35]oxidation[M],6.121850776751665,0.5671918677728578,11,GDQENVHPDVMLVQPR,IMB1_HUMAN((778-794))((Q14974)),Q14974,Q14974|11,0.3351063829787234
482,GFGFVTYATVEEVDAAMNARnan,GFGFVTYATVEEVDAAMNAR,;RA1L3_HUMAN,5.8017073404642625,5.847521827521892,4.9886694573031285,,2.0,5.8017073404642625,GFGFVTYATVEEVDAAMNAR17|[35]oxidation[M],;RA1L3_HUMAN,6.728888526428099,6.703143525636954,6.497747222166167,,2,1,[35]oxidation[M],6.703143525636954,0.5360434600470266,17,GFGFVTYATVEEVDAAMNAR,ROA1_HUMAN((56-76))((P09651))||RA1L3_HUMAN((11-31))((A0A2R8Y4L2)),P09651||RA1L3_HUMAN,P09651||RA1L3_HUMAN|17,0.005319148936170213
511,GFGFVTYATVEEVDAAMNARPHKnan,GFGFVTYATVEEVDAAMNARPHK,RA1L3_HUMAN,5.107745081709677,4.041742886546379,4.4309358177040865,,2.0,4.4309358177040865,GFGFVTYATVEEVDAAMNARPHK17|[35]oxidation[M],;RA1L3_HUMAN,6.038585713474916,5.870511015377083,6.243171141219985,,2,1,[35]oxidation[M],6.038585713474916,0.5767776202084848,17,GFGFVTYATVEEVDAAMNARPHK,ROA1_HUMAN((56-79))((P09651))||RA1L3_HUMAN((11-34))((A0A2R8Y4L2)),P09651||RA1L3_HUMAN,P09651||RA1L3_HUMAN|17,0.005319148936170213
525,GIQEEMEALVKnan,GIQEEMEALVK,DPYL2_HUMAN,5.7946867487214435,5.319797362913758,5.309827735907645,,2.0,5.319797362913758,GIQEEMEALVK6|[35]oxidation[M],DPYL2_HUMAN,6.237602459482334,6.3793083413176594,6.149086224770755,,2,1,[35]oxidation[M],6.237602459482334,0.539706383385216,6,GIQEEMEALVK,DPYL2_HUMAN((147-158))((Q16555)),Q16555,Q16555|6,0.0
547,GQLVPLETVLDMLRnan,GQLVPLETVLDMLR,KAD1_HUMAN,5.373341538151167,4.74379508528159,4.425350383336269,,2.0,4.74379508528159,GQLVPLETVLDMLR12|[35]oxidation[M],KAD1_HUMAN,5.735596298018523,5.776229745803009,5.594085134863008,,2,1,[35]oxidation[M],5.735596298018523,0.5473215083042637,12,GQLVPLETVLDMLR,KAD1_HUMAN((64-78))((P00568)),P00568,P00568|12,0.11170212765957446
567,GVAINMVTEEDKRnan,GVAINMVTEEDKR,IF4A1_HUMAN,5.053409059717001,3.977916383385983,4.488063682755678,,2.0,4.488063682755678,GVAINMVTEEDKR6|[35]oxidation[M],IF4A1_HUMAN,5.722826297644412,5.615500920991791,5.876377390140271,,2,1,[35]oxidation[M],5.722826297644412,0.5604630261054068,6,GVAINMVTEEDKR,IF4A1_HUMAN((370-383))((P60842)),P60842,P60842|6,0.0
572,GWDEALLTMSKnan,GWDEALLTMSK,FKBP3_HUMAN,4.783944045948422,4.199894496351918,4.4627377124264695,,2.0,4.4627377124264695,GWDEALLTMSK9|[35]oxidation[M],FKBP3_HUMAN,5.9050085471596745,5.855637082546519,5.86181804053494,,2,1,[35]oxidation[M],5.86181804053494,0.5677549892501269,9,GWDEALLTMSK,FKBP3_HUMAN((174-185))((Q00688)),Q00688,Q00688|9,0.0
603,IAQDLEMYGINYFEIKnan,IAQDLEMYGINYFEIK,EZRI_HUMAN,5.559898148526665,5.383907142258847,5.394750670199779,,2.0,5.394750670199779,IAQDLEMYGINYFEIK7|[35]oxidation[M],EZRI_HUMAN,6.54971361465394,6.583589354278344,6.587625587983835,,2,1,[35]oxidation[M],6.583589354278344,0.5496245173224811,7,IAQDLEMYGINYFEIK,EZRI_HUMAN((194-210))((P15311)),P15311,P15311|7,0.11170212765957446
635,IITHPNFNGNTLDNDIMLIKLSSPATLNSRnan,IITHPNFNGNTLDNDIMLIKLSSPATLNSR,TRYP_PIG,4.288339189772811,4.106665890163933,2.7745042874828263,,2.0,4.106665890163933,IITHPNFNGNTLDNDIMLIKLSSPATLNSR17|[35]oxidation[M],TRYP_PIG,5.546165049917834,5.611859100675299,5.102083056808112,,2,1,[35]oxidation[M],5.546165049917834,0.5745635745974075,17,IITHPNFNGNTLDNDIMLIKLSSPATLNSR,TRYP_PIG((78-108))((P00761)),P00761,P00761|17,0.0
639,ILLELLNQMDGFDQNVNVKnan,ILLELLNQMDGFDQNVNVK,PRS6B_HUMAN,4.607597519240615,4.133281564299584,3.11992452018489,,2.0,4.133281564299584,ILLELLNQMDGFDQNVNVK9|[35]oxidation[M],PRS6B_HUMAN,5.298993995223252,5.184376304248038,4.975769409214346,,2,1,[35]oxidation[M],5.184376304248038,0.5564033770491024,9,ILLELLNQMDGFDQNVNVK,PRS6B_HUMAN((288-307))((P43686)),P43686,P43686|9,0.2127659574468085
643,IPAMTIAKnan,IPAMTIAK,CH60_HUMAN,5.70690141459234,5.569060736781027,5.416416991446057,,2.0,5.569060736781027,IPAMTIAK4|[35]oxidation[M],CH60_HUMAN,6.557451277738378,7.070298902952906,7.233501940242002,,2,1,[35]oxidation[M],7.070298902952906,0.5593874297813509,4,IPAMTIAK,CH60_HUMAN((474-482))((P10809)),P10809,P10809|4,0.3404255319148936
695,ITAEEMYDIFGKnan,ITAEEMYDIFGK,SF3B6_HUMAN,4.841093427421913,4.672697652788315,4.898289896845238,,2.0,4.841093427421913,ITAEEMYDIFGK6|[35]oxidation[M],SF3B6_HUMAN,4.661551255170524,5.036880817951606,5.041555962599341,,2,1,[35]oxidation[M],5.036880817951606,0.5099103007188641,6,ITAEEMYDIFGK,SF3B6_HUMAN((30-42))((Q9Y3B4)),Q9Y3B4,Q9Y3B4|6,0.02127659574468085
702,IVEVLLMKnan,IVEVLLMK,RBMX_HUMAN,4.696018626631685,3.8140352998411906,4.520194552764248,,2.0,4.520194552764248,IVEVLLMK7|[35]oxidation[M],;RBMX_HUMAN,6.159852721120172,5.9550564771461225,6.38667847965915,,2,1,[35]oxidation[M],6.159852721120172,0.5767626830812504,7,IVEVLLMK,RBMX_HUMAN((34-42))((P38159))||RMXL2_HUMAN((34-42))((O75526)),P38159||RMXL2_HUMAN,P38159||RMXL2_HUMAN|7,0.43617021276595747
709,IVSQLLTLMDGLKnan,IVSQLLTLMDGLK,TERA_HUMAN,5.901820098332355,5.8605845673915224,6.105094567116986,,2.0,5.901820098332355,IVSQLLTLMDGLK9|[35]oxidation[M],TERA_HUMAN,5.850581492452451,5.8707404537101,5.988269582070149,,2,1,[35]oxidation[M],5.8707404537101,0.49867999639989685,9,IVSQLLTLMDGLK,TERA_HUMAN((324-337))((P55072)),P55072,P55072|9,0.010638297872340425
757,KYDVDTLDMVFLDHWKnan,KYDVDTLDMVFLDHWK,COMT_HUMAN,3.9749601055978925,3.153797876797371,3.4662967118954526,,2.0,3.4662967118954526,KYDVDTLDMVFLDHWK9|[35]oxidation[M],COMT_HUMAN,5.469789110404618,5.56647848417617,5.828009643777318,,2,1,[35]oxidation[M],5.56647848417617,0.6162534064389255,9,KYDVDTLDMVFLDHWK,COMT_HUMAN((179-195))((P21964)),P21964,P21964|9,0.0
774,LAGPQLVQMFIGDGAKnan,LAGPQLVQMFIGDGAK,PRS6A_HUMAN,5.185304740836749,4.56527943181478,4.565945104054895,,2.0,4.565945104054895,LAGPQLVQMFIGDGAK9|[35]oxidation[M],PRS6A_HUMAN,4.7254863929595,4.843939934583884,4.554807674817136,,2,1,[35]oxidation[M],4.7254863929595,0.508585398759915,9,LAGPQLVQMFIGDGAK,PRS6A_HUMAN((251-267))((P17980)),P17980,P17980|9,0.3723404255319149
801,LEQFVSILMASIPLPDKnan,LEQFVSILMASIPLPDK,PNPH_HUMAN,3.2566273580955207,2.6809546882738617,3.7502113557532972,,2.0,3.2566273580955207,LEQFVSILMASIPLPDK9|[35]oxidation[M],PNPH_HUMAN,,4.7645119740985615,4.9672001825824665,,2,1,[35]oxidation[M],4.865856078340514,0.5990601416942432,9,LEQFVSILMASIPLPDK,PNPH_HUMAN((271-288))((P00491)),P00491,P00491|9,0.005319148936170213
807,LGEHNIDVLEGNEQFINAAKIITHPNFNGNTLDNDIMLIKnan,LGEHNIDVLEGNEQFINAAKIITHPNFNGNTLDNDIMLIK,TRYP_PIG,6.134962626230152,5.775499077578056,5.42377627513429,,2.0,5.775499077578056,LGEHNIDVLEGNEQFINAAKIITHPNFNGNTLDNDIMLIK37|[35]oxidation[M],TRYP_PIG,7.647620066726654,7.256383813282513,7.112414883199256,,2,1,[35]oxidation[M],7.256383813282513,0.5568177579597121,37,LGEHNIDVLEGNEQFINAAKIITHPNFNGNTLDNDIMLIK,TRYP_PIG((58-98))((P00761)),P00761,P00761|37,0.0
826,LGQSDPAPLQHQMDIYQKnan,LGQSDPAPLQHQMDIYQK,TKT_HUMAN,5.571190978961106,5.114574228689021,5.477810302553239,,2.0,5.477810302553239,LGQSDPAPLQHQMDIYQK13|[35]oxidation[M],TKT_HUMAN,6.554844552556906,6.450889832341325,6.7711867985082925,,2,1,[35]oxidation[M],6.554844552556906,0.5447546390623123,13,LGQSDPAPLQHQMDIYQK,TKT_HUMAN((187-205))((P29401)),P29401,P29401|13,0.09042553191489362
834,LIGNMALLPIRnan,LIGNMALLPIR,ARPC3_HUMAN,4.198193551612892,3.7772725941735645,4.257002489671538,,2.0,4.198193551612892,LIGNMALLPIR5|[35]oxidation[M],ARPC3_HUMAN,6.150146212359298,5.943517111443658,6.389912776887696,,2,1,[35]oxidation[M],6.150146212359298,0.5943123585650976,5,LIGNMALLPIR,ARPC3_HUMAN((15-26))((O15145)),O15145,O15145|5,0.05319148936170213
843,LIVALMKnan,LIVALMK,ANXA5_HUMAN__ANXA5_HUMAN|,5.464137607536174,5.425111846339966,5.290028644146919,,2.0,5.425111846339966,LIVALMK6|[35]oxidation[M],ANXA5_HUMAN__sp|ANXA5_HUMAN|,6.900659268821113,6.903271181271998,6.8607690956204115,,2,1,[35]oxidation[M],6.900659268821113,0.5598561910932363,6,LIVALMK,ANXA5_HUMAN((80-87))((P08758))||sp|ANXA5_HUMAN|((79-86))((sp|ANXA5_HUMAN|)),P08758||ANXA5_HUMAN|,P08758||ANXA5_HUMAN||6,0.047872340425531915
874,LMEDLDRNKnan,LMEDLDRNK,S10A6_HUMAN,6.041232864578318,5.040669527111577,5.867890762257709,,2.0,5.867890762257709,LMEDLDRNK2|[35]oxidation[M],S10A6_HUMAN,7.0344011330789815,6.5365288886812625,7.117910143655724,,2,1,[35]oxidation[M],7.0344011330789815,0.5452055487615688,2,LMEDLDRNK,S10A6_HUMAN((56-65))((P06703)),P06703,P06703|2,0.07446808510638298
893,LTAEEMDERnan,LTAEEMDER,IQGA1_HUMAN,4.813737838105466,4.833933429895604,4.48462799051223,,2.0,4.813737838105466,LTAEEMDER6|[35]oxidation[M],IQGA1_HUMAN,6.402290746362087,6.357908833101073,6.1429443604012395,,2,1,[35]oxidation[M],6.357908833101073,0.569111163306637,6,LTAEEMDER,IQGA1_HUMAN((26-35))((P46940)),P46940,P46940|6,0.7074468085106383
904,LTGMAFRnan,LTGMAFR,;G3P_HUMAN,6.038658552438118,5.678591651705927,5.876244939367088,,2.0,5.876244939367088,LTGMAFR4|[35]oxidation[M],;G3P_HUMAN,7.591866651934012,7.503974589277936,7.67448526028295,,2,1,[35]oxidation[M],7.591866651934012,0.5636919920412237,4,LTGMAFR,G3PT_HUMAN((300-307))((O14556))||G3P_HUMAN((228-235))((P04406)),O14556||G3P_HUMAN,O14556||G3P_HUMAN|4,0.324468085106383
918,LVDQALLTMDTYLGQFPDIKnan,LVDQALLTMDTYLGQFPDIK,BIN1_HUMAN,5.089763957782548,4.920969353575393,4.905938250957831,,2.0,4.920969353575393,LVDQALLTMDTYLGQFPDIK9|[35]oxidation[M],BIN1_HUMAN,5.588477357022329,5.4940577577072816,4.742473411454943,,2,1,[35]oxidation[M],5.4940577577072816,0.5275125738036273,9,LVDQALLTMDTYLGQFPDIK,BIN1_HUMAN((118-138))((O00499)),O00499,O00499|9,0.0
930,LVEPVTDFLLDMPYHIRnan,LVEPVTDFLLDMPYHIR,PGFRB_HUMAN,4.85679078043901,4.730338844720173,4.270824581104915,,2.0,4.730338844720173,LVEPVTDFLLDMPYHIR12|[35]oxidation[M],PGFRB_HUMAN,5.476559653290863,5.463748353935214,5.402335478102563,,2,1,[35]oxidation[M],5.463748353935214,0.53597229918299,12,LVEPVTDFLLDMPYHIR,PGFRB_HUMAN((257-274))((P09619)),P09619,P09619|12,0.5851063829787234
961,MILIQDGSQNTNVDKnan,MILIQDGSQNTNVDK,FUBP2_HUMAN,4.868786646589826,4.441405757675144,4.1319640942128,,2.0,4.441405757675144,MILIQDGSQNTNVDK1|[35]oxidation[M],FUBP2_HUMAN,5.973042281917684,5.966628360665993,5.999832724235551,,2,1,[35]oxidation[M],5.973042281917684,0.5735342150836841,1,MILIQDGSQNTNVDK,FUBP2_HUMAN((267-282))((Q92945)),Q92945,Q92945|1,0.010638297872340425
971,MLLADQGQSWKEEVVTVETWQEGSLKnan,MLLADQGQSWKEEVVTVETWQEGSLK,;GSTP1_HUMAN,5.778392076565774,4.744821820807573,4.708944223916084,,2.0,4.744821820807573,MLLADQGQSWKEEVVTVETWQEGSLK1|[35]oxidation[M],;GSTP1_HUMAN,6.474282285911082,6.27510633989336,6.581119625370972,,2,1,[35]oxidation[M],6.474282285911082,0.5770765851110967,1,MLLADQGQSWKEEVVTVETWQEGSLK,GSTP1_HUMAN((20-46))((P09211))||sp|GSTP1_HUMAN|((19-45))((sp|GSTP1_HUMAN|)),P09211||GSTP1_HUMAN|,P09211||GSTP1_HUMAN||1,0.0
997,MPILGLGTWKnan,MPILGLGTWK,ALDR_HUMAN,5.124205255647175,4.214237598036453,5.113967211374893,,2.0,5.113967211374893,MPILGLGTWK1|[35]oxidation[M],ALDR_HUMAN,6.261647154802549,6.048877003541353,6.642679129620642,,2,1,[35]oxidation[M],6.261647154802549,0.5504447455093061,1,MPILGLGTWK,ALDR_HUMAN((13-23))((P15121)),P15121,P15121|1,0.005319148936170213
1012,NALESYAFNMKnan,NALESYAFNMK,;HS71A_HUMAN,5.490221234386795,5.1577465679296886,5.009512953252673,,2.0,5.1577465679296886,NALESYAFNMK10|[35]oxidation[M],;HS71A_HUMAN,6.762291581720475,6.7881748224197995,6.895629866688138,,2,1,[35]oxidation[M],6.7881748224197995,0.5682420468548894,10,NALESYAFNMK,HS71A_HUMAN((540-551))((P0DMV8))||HS71L_HUMAN((542-553))((P34931)),P0DMV8||HS71L_HUMAN,P0DMV8||HS71L_HUMAN|10,0.8457446808510638
1022,NHVQPYIPSILEALMVPTSQGFTEVRnan,NHVQPYIPSILEALMVPTSQGFTEVR,NIBA2_HUMAN,3.337264030501814,4.211226078005282,4.1005950580365464,,2.0,4.1005950580365464,NHVQPYIPSILEALMVPTSQGFTEVR15|[35]oxidation[M],NIBA2_HUMAN,5.760467475351061,5.822889720943245,5.817160878027293,,2,1,[35]oxidation[M],5.817160878027293,0.5865400313869802,15,NHVQPYIPSILEALMVPTSQGFTEVR,NIBA2_HUMAN((337-363))((Q96TA1)),Q96TA1,Q96TA1|15,0.28191489361702127
1028,NLVTEDVMRnan,NLVTEDVMR,G6PI_HUMAN,5.408752232154071,4.82403327418081,5.45154849205038,,2.0,5.408752232154071,NLVTEDVMR8|[35]oxidation[M],G6PI_HUMAN,6.723146208122201,6.843850199393078,7.046472682581419,,2,1,[35]oxidation[M],6.843850199393078,0.558562985914895,8,NLVTEDVMR,G6PI_HUMAN((58-67))((P06744)),P06744,P06744|8,0.05319148936170213
1037,NPHVALYALEVMESVVKnan,NPHVALYALEVMESVVK,HGS_HUMAN,5.083174806715893,5.3324504179384675,4.927051015353523,,2.0,5.083174806715893,NPHVALYALEVMESVVK12|[35]oxidation[M],HGS_HUMAN,4.995511173456428,5.145528048339985,5.04246954469096,,2,1,[35]oxidation[M],5.04246954469096,0.4979899915199334,12,NPHVALYALEVMESVVK,HGS_HUMAN((57-74))((O14964)),O14964,O14964|12,0.015957446808510637
1043,NRELAILLGMLDPAEKnan,NRELAILLGMLDPAEK,PRDX6_HUMAN,4.697919426212906,5.0947408692857685,4.6601454135891505,,2.0,4.697919426212906,NRELAILLGMLDPAEK10|[35]oxidation[M],PRDX6_HUMAN,4.543610670067598,4.126734714226438,5.184159000960013,,2,1,[35]oxidation[M],4.543610670067598,0.4916513415777647,10,NRELAILLGMLDPAEK,PRDX6_HUMAN((107-123))((P30041)),P30041,P30041|10,0.005319148936170213
1059,PMQFLGDEETVRKnan,PMQFLGDEETVRK,PGAM1_HUMAN,5.159503187576955,5.1703431829546584,4.879340644599708,,2.0,5.159503187576955,PMQFLGDEETVRK2|[35]oxidation[M],;PGAM1_HUMAN,6.565234627284404,6.330905006722521,6.548188946607044,,2,1,[35]oxidation[M],6.548188946607044,0.559306554319763,2,PMQFLGDEETVRK,PGAM1_HUMAN((229-242))((P18669))||PGAM2_HUMAN((229-242))((P15259)),P18669||PGAM2_HUMAN,P18669||PGAM2_HUMAN|2,0.2074468085106383
1067,QDLPNAMNAAEITDKnan,QDLPNAMNAAEITDK,ARF1_HUMAN,4.43164328584683,4.1226584342659915,4.6836494478947115,,2.0,4.43164328584683,QDLPNAMNAAEITDK7|[35]oxidation[M],;ARF1_HUMAN,5.346806161516828,5.452343342069632,5.8053060554419655,,2,1,[35]oxidation[M],5.452343342069632,0.5516340265647428,7,QDLPNAMNAAEITDK,ARF3_HUMAN((128-143))((P61204))||ARF1_HUMAN((128-143))((P84077)),P61204||ARF1_HUMAN,P61204||ARF1_HUMAN|7,0.005319148936170213
1078,QLQDELEMLVERnan,QLQDELEMLVER,PSMD2_HUMAN,3.696810043601018,3.351204219649385,3.019796631414372,,2.0,3.351204219649385,QLQDELEMLVER8|[35]oxidation[M],PSMD2_HUMAN,5.140035403851127,5.409854709455368,5.3833498267403534,,2,1,[35]oxidation[M],5.3833498267403534,0.6163279542549122,8,QLQDELEMLVER,PSMD2_HUMAN((51-63))((Q13200)),Q13200,Q13200|8,0.1595744680851064
1081,QLVARPDVVEMHDVTAQDPKnan,QLVARPDVVEMHDVTAQDPK,SF3B2_HUMAN,4.1431886207586075,3.656529060516486,3.7994374681050767,,2.0,3.7994374681050767,QLVARPDVVEMHDVTAQDPK11|[35]oxidation[M],SF3B2_HUMAN,5.794231599240475,5.630111771224722,5.598304091665752,,2,1,[35]oxidation[M],5.630111771224722,0.5970711460673045,11,QLVARPDVVEMHDVTAQDPK,SF3B2_HUMAN((467-487))((Q13435)),Q13435,Q13435|11,0.24468085106382978
1087,QMVIDVLHPGKnan,QMVIDVLHPGK,RS24_HUMAN,3.5467128386737388,2.9573720610999796,3.9279808281021995,,2.0,3.5467128386737388,QMVIDVLHPGK2|[35]oxidation[M],RS24_HUMAN,5.658956512409607,5.418683395467793,6.0638448954162785,,2,1,[35]oxidation[M],5.658956512409607,0.6147251543141343,2,QMVIDVLHPGK,RS24_HUMAN((22-33))((P62847)),P62847,P62847|2,0.0
1100,QYYTLLNQAPDMLHRnan,QYYTLLNQAPDMLHR,G3BP1_HUMAN,4.684348644210033,4.27350144578078,4.379438460885593,,2.0,4.379438460885593,QYYTLLNQAPDMLHR12|[35]oxidation[M],G3BP1_HUMAN,6.394433741472093,6.468489089015508,6.612517233644273,,2,1,[35]oxidation[M],6.468489089015508,0.5962880060970245,12,QYYTLLNQAPDMLHR,G3BP1_HUMAN((18-33))((Q13283)),Q13283,Q13283|12,0.44148936170212766
1120,RFDDAVVQSDMKnan,RFDDAVVQSDMK,HSP7C_HUMAN,4.928808015841092,4.310356348227091,4.133067831024923,,2.0,4.310356348227091,RFDDAVVQSDMK11|[35]oxidation[M],HSP7C_HUMAN,6.60166969945832,6.588023695159897,6.667172284010514,,2,1,[35]oxidation[M],6.60166969945832,0.6049902805041987,11,RFDDAVVQSDMK,HSP7C_HUMAN((77-89))((P11142)),P11142,P11142|11,0.18617021276595744
1153,RPDLLTMVVDYRnan,RPDLLTMVVDYR,PEA15_HUMAN,5.274172424567299,3.9531345627077297,4.32511422714769,,2.0,4.32511422714769,RPDLLTMVVDYR7|[35]oxidation[M],PEA15_HUMAN,6.420453986131545,6.347121425628162,6.251323867245089,,2,1,[35]oxidation[M],6.347121425628162,0.5947321284999243,7,RPDLLTMVVDYR,PEA15_HUMAN((72-84))((Q15121)),Q15121,Q15121|7,0.35638297872340424
1166,SDIGEVILVGGMTRnan,SDIGEVILVGGMTR,GRP75_HUMAN,5.247510967521709,4.860354629453576,4.665844882062024,,2.0,4.860354629453576,SDIGEVILVGGMTR12|[35]oxidation[M],GRP75_HUMAN,6.326044824323432,6.353870763151708,6.191537025657643,,2,1,[35]oxidation[M],6.326044824323432,0.565512151650144,12,SDIGEVILVGGMTR,GRP75_HUMAN((378-392))((P38646)),P38646,P38646|12,0.0851063829787234
1183,SEMLEIVQAIYKnan,SEMLEIVQAIYK,HPCL1_HUMAN,4.666407186371824,4.669527624601124,3.5219810024611315,,2.0,4.666407186371824,SEMLEIVQAIYK3|[35]oxidation[M],HPCL1_HUMAN,5.770969609628974,5.536242542401228,5.150272005570989,,2,1,[35]oxidation[M],5.536242542401228,0.5426279142748738,3,SEMLEIVQAIYK,HPCL1_HUMAN((119-131))((P37235)),P37235,P37235|3,0.06914893617021277
1245,SNPEIQDFMRnan,SNPEIQDFMR,HEXA_HUMAN,4.379730932178101,3.6205768417841617,4.347044374876244,,2.0,4.347044374876244,SNPEIQDFMR9|[35]oxidation[M],HEXA_HUMAN,5.335103033170319,5.197558409693151,5.472380236737392,,2,1,[35]oxidation[M],5.335103033170319,0.5510247684038009,9,SNPEIQDFMR,HEXA_HUMAN((331-341))((P06865)),P06865,P06865|9,0.0
1259,SREEAAAGTIPGALNIPVSELESALQMEPAAFQALYSAEKnan,SREEAAAGTIPGALNIPVSELESALQMEPAAFQALYSAEK,TSTD1_HUMAN,4.847556860887331,4.6247411554175795,3.7143680451847647,,2.0,4.6247411554175795,SREEAAAGTIPGALNIPVSELESALQMEPAAFQALYSAEK27|[35]oxidation[M],TSTD1_HUMAN,5.393932885398303,4.898470288476954,4.631451433965684,,2,1,[35]oxidation[M],4.898470288476954,0.5143716820041241,27,SREEAAAGTIPGALNIPVSELESALQMEPAAFQALYSAEK,TSTD1_HUMAN((28-68))((Q8NFU3)),Q8NFU3,Q8NFU3|27,0.2074468085106383
1269,SRLGDLYEEEMRnan,SRLGDLYEEEMR,VIME_HUMAN,5.559594908213574,4.321172431362908,5.38357791793815,,2.0,5.38357791793815,SRLGDLYEEEMR11|[35]oxidation[M],VIME_HUMAN,6.37384440741199,6.061905086878427,6.512967392582815,,2,1,[35]oxidation[M],6.37384440741199,0.5421123976868096,11,SRLGDLYEEEMR,VIME_HUMAN((144-156))((P08670)),P08670,P08670|11,0.19680851063829788
1291,SSTPEEVKKnan,SSTPEEVKK,COF1_HUMAN,6.690833348329197,6.797309097845288,6.898702844258865,,2.0,6.797309097845288,SSTPEEVKK8|[6]Carboxymethyl[K],COF1_HUMAN,5.217747312337204,5.372062044919089,5.38559164908108,,2,1,[6]Carboxymethyl[K],5.372062044919089,0.4414412200841776,8,SSTPEEVKK,COF1_HUMAN((23-32))((P23528)),P23528,P23528|8,0.5707317073170731
1315,TFEMSDFIVDTRnan,TFEMSDFIVDTR,FLNB_HUMAN,5.778558955676929,5.550937624258625,5.412434886815039,,2.0,5.550937624258625,TFEMSDFIVDTR4|[35]oxidation[M],FLNB_HUMAN,6.547900654424691,6.577418625739327,6.409195317626241,,2,1,[35]oxidation[M],6.547900654424691,0.5412007751158471,4,TFEMSDFIVDTR,FLNB_HUMAN((2017-2029))((O75369)),O75369,O75369|4,0.48404255319148937
1328,TGQPMIHIYLDKnan,TGQPMIHIYLDK,EWS_HUMAN,4.764326632995804,4.175484964113281,4.060062577871934,,2.0,4.175484964113281,TGQPMIHIYLDK5|[35]oxidation[M],EWS_HUMAN,5.938635138440986,5.9405622655660535,5.8047589793278105,,2,1,[35]oxidation[M],5.938635138440986,0.5871628058817707,5,TGQPMIHIYLDK,EWS_HUMAN((393-405))((Q01844)),Q01844,Q01844|5,0.4095744680851064
1338,TIDAHGLMVLPGGVDVHTRnan,TIDAHGLMVLPGGVDVHTR,DPYL4_HUMAN,3.06297881917113,3.258975351448812,3.0307138885891947,,2.0,3.06297881917113,TIDAHGLMVLPGGVDVHTR8|[35]oxidation[M],DPYL4_HUMAN,4.691974056830279,4.957162862082956,4.85964218494731,,2,1,[35]oxidation[M],4.85964218494731,0.6133881934300666,8,TIDAHGLMVLPGGVDVHTR,DPYL4_HUMAN((57-76))((O14531)),O14531,O14531|8,0.09574468085106383
1359,TLSHPQQMALLDQTKnan,TLSHPQQMALLDQTK,TLN1_HUMAN,5.34396515087278,4.998519399898033,4.808481678441164,,2.0,4.998519399898033,TLSHPQQMALLDQTK8|[35]oxidation[M],TLN1_HUMAN,5.8123798781561895,5.607517673215961,5.7673205514921,,2,1,[35]oxidation[M],5.7673205514921,0.535705581499695,8,TLSHPQQMALLDQTK,TLN1_HUMAN((1752-1767))((Q9Y490)),Q9Y490,Q9Y490|8,0.18617021276595744
1380,TMLELLNQLDGFDSRnan,TMLELLNQLDGFDSR,PRS4_HUMAN,5.2616701976835305,4.982570612090832,4.96645968141845,,2.0,4.982570612090832,TMLELLNQLDGFDSR2|[35]oxidation[M],PRS4_HUMAN,5.420262657087147,5.63258849289797,5.514716006290858,,2,1,[35]oxidation[M],5.514716006290858,0.5253468069199992,2,TMLELLNQLDGFDSR,PRS4_HUMAN((308-323))((P62191)),P62191,P62191|2,0.11170212765957446
1390,TSSSIPPIILLQFLHMAFPQFAEKnan,TSSSIPPIILLQFLHMAFPQFAEK,UBP14_HUMAN,3.656951865816363,3.5924404615743932,3.5986676541360745,,2.0,3.5986676541360745,TSSSIPPIILLQFLHMAFPQFAEK16|[35]oxidation[M],UBP14_HUMAN,4.994278573264105,4.9669284538938365,4.8905784295702075,,2,1,[35]oxidation[M],4.9669284538938365,0.579869560886432,16,TSSSIPPIILLQFLHMAFPQFAEK,UBP14_HUMAN((166-190))((P54578)),P54578,P54578|16,0.7659574468085106
1393,TVSLGAGAKDELHIVEAEAMNYEGSPIKnan,TVSLGAGAKDELHIVEAEAMNYEGSPIK,NPM_HUMAN,3.2567434884127167,2.7676335731805093,3.723569627026546,,2.0,3.2567434884127167,TVSLGAGAKDELHIVEAEAMNYEGSPIK20|[35]oxidation[M],NPM_HUMAN,6.1787933617449085,5.2285927681317155,5.960872272568638,,2,1,[35]oxidation[M],5.960872272568638,0.6466826592839028,20,TVSLGAGAKDELHIVEAEAMNYEGSPIK,NPM_HUMAN((46-74))((P06748)),P06748,P06748|20,0.4734042553191489
1400,VAYTEADYYHTELWMEQALRnan,VAYTEADYYHTELWMEQALR,P4HA1_HUMAN,4.553787910226395,4.475057948504509,4.3697978124901455,,2.0,4.475057948504509,VAYTEADYYHTELWMEQALR15|[35]oxidation[M],P4HA1_HUMAN,5.593028786502132,5.49823502848966,5.627138485185316,,2,1,[35]oxidation[M],5.593028786502132,0.5555205208011592,15,VAYTEADYYHTELWMEQALR,P4HA1_HUMAN((173-193))((P13674)),P13674,P13674|15,0.0
1410,VEFMDDTSRnan,VEFMDDTSR,RS28_HUMAN,5.875943641051534,5.71977102126031,5.515504784393799,,2.0,5.71977102126031,VEFMDDTSR4|[35]oxidation[M],RS28_HUMAN,6.883025588913597,6.947263739498875,6.929254850900686,,2,1,[35]oxidation[M],6.929254850900686,0.547809366581434,4,VEFMDDTSR,RS28_HUMAN((32-41))((P62857)),P62857,P62857|4,0.39893617021276595
1426,VELDNMPLRnan,VELDNMPLR,NONO_HUMAN,3.924882290102042,4.189924990046682,3.9163338278758877,,2.0,3.924882290102042,VELDNMPLR6|[35]oxidation[M],NONO_HUMAN,5.211699789317232,5.298929586720828,5.459826922401698,,2,1,[35]oxidation[M],5.298929586720828,0.5744837012597482,6,VELDNMPLR,NONO_HUMAN((127-136))((Q15233)),Q15233,Q15233|6,0.2925531914893617
1428,VFELMTSLHTKnan,VFELMTSLHTK,PSME1_HUMAN,5.003375843526818,4.670419515029891,4.492100193869693,,2.0,4.670419515029891,VFELMTSLHTK5|[35]oxidation[M],PSME1_HUMAN,6.102661330010423,6.017703795949612,5.959364654873723,,2,1,[35]oxidation[M],6.017703795949612,0.5630271677131432,5,VFELMTSLHTK,PSME1_HUMAN((156-167))((Q06323)),Q06323,Q06323|5,0.0
1445,VGNVEYFGLGNSPGFPLQYYPYYGKnan,VGNVEYFGLGNSPGFPLQYYPYYGK,AT1B1_HUMAN,5.624396219569914,6.210054329733105,6.0513496209851185,,2.0,6.0513496209851185,VGNVEYFGLGNSPGFPLQYYPYYGK16|[1922]Pro->HAVA[P],AT1B1_HUMAN,3.7976295058396805,4.340068471793084,5.015900422959396,,2,1,[1922]Pro->HAVA[P],4.340068471793084,0.41765892133714955,16,VGNVEYFGLGNSPGFPLQYYPYYGK,AT1B1_HUMAN((224-249))((P05026)),P05026,P05026|16,0.007352941176470588
1488,VLEGMEVVRnan,VLEGMEVVR,PPIB_HUMAN,5.834197582845762,5.745839233415522,5.691270980751676,,2.0,5.745839233415522,VLEGMEVVR5|[35]oxidation[M],PPIB_HUMAN,6.594573130608568,6.613012790027295,6.5849483195830985,,2,1,[35]oxidation[M],6.594573130608568,0.5343883928736188,5,VLEGMEVVR,PPIB_HUMAN((172-181))((P23284)),P23284,P23284|5,0.2393617021276596
1509,VLGMTLIQKnan,VLGMTLIQK,LGUL_HUMAN,5.192294499916592,4.705154529096863,4.744236122772879,,2.0,4.744236122772879,VLGMTLIQK4|[35]oxidation[M],LGUL_HUMAN,6.184087757915067,6.157279770171969,5.882554930683893,,2,1,[35]oxidation[M],6.157279770171969,0.5648095027001507,4,VLGMTLIQK,LGUL_HUMAN((52-61))((Q04760)),Q04760,Q04760|4,0.005319148936170213
1517,VLVDMSRnan,VLVDMSR,TCPB_HUMAN,4.581595192567321,4.379987903480106,4.167598598859136,,2.0,4.379987903480106,VLVDMSR5|[35]oxidation[M],TCPB_HUMAN,5.999573042118558,5.961069319112165,6.110181663371222,,2,1,[35]oxidation[M],5.999573042118558,0.5780179984070145,5,VLVDMSR,TCPB_HUMAN((83-90))((P78371)),P78371,P78371|5,0.09042553191489362
1540,VNFAMNVGKnan,VNFAMNVGK,KPYM_HUMAN,5.125901733921571,5.075557209652456,5.047411297613509,,2.0,5.075557209652456,VNFAMNVGK5|[35]oxidation[M],KPYM_HUMAN,6.514659821340763,6.525766685692872,6.57547975645627,,2,1,[35]oxidation[M],6.525766685692872,0.5625018958664825,5,VNFAMNVGK,KPYM_HUMAN((490-499))((P14618)),P14618,P14618|5,0.02127659574468085
1551,VQHQDALQISDVVMASLLRnan,VQHQDALQISDVVMASLLR,IMB1_HUMAN,4.818393046045921,4.2680525377191545,4.337635666180116,,2.0,4.337635666180116,VQHQDALQISDVVMASLLR14|[35]oxidation[M],IMB1_HUMAN,4.5110524119808,4.602045767844377,4.5981596953212005,,2,1,[35]oxidation[M],4.5981596953212005,0.514577551219644,14,VQHQDALQISDVVMASLLR,IMB1_HUMAN((595-614))((Q14974)),Q14974,Q14974|14,0.02127659574468085
1567,VTYTPMAPGSYLISIKnan,VTYTPMAPGSYLISIK,FLNA_HUMAN,4.723911780033151,4.631478811059995,4.523134814276181,,2.0,4.631478811059995,VTYTPMAPGSYLISIK6|[35]oxidation[M],FLNA_HUMAN,6.529244508350007,6.656960830917825,6.820412024354648,,2,1,[35]oxidation[M],6.656960830917825,0.5897148801826321,6,VTYTPMAPGSYLISIK,FLNA_HUMAN((2485-2501))((P21333)),P21333,P21333|6,0.35106382978723405
1589,WMEEQAQSLIDKnan,WMEEQAQSLIDK,RU1C_HUMAN,4.945817406002531,4.819638428640502,4.4337981671826725,,2.0,4.819638428640502,WMEEQAQSLIDK2|[35]oxidation[M],RU1C_HUMAN,6.419651587664939,6.3608657620790225,6.197668269236538,,2,1,[35]oxidation[M],6.3608657620790225,0.5689247688274125,2,WMEEQAQSLIDK,RU1C_HUMAN((41-53))((P09234)),P09234,P09234|2,0.4787234042553192
